-- phpMyAdmin SQL Dump
-- version 5.2.1
-- https://www.phpmyadmin.net/
--
-- Máy chủ: 127.0.0.1
-- Thời gian đã tạo: Th3 26, 2025 lúc 02:41 PM
-- Phiên bản máy phục vụ: 10.4.32-MariaDB
-- Phiên bản PHP: 8.2.12

SET SQL_MODE = "NO_AUTO_VALUE_ON_ZERO";
START TRANSACTION;
SET time_zone = "+00:00";


/*!40101 SET @OLD_CHARACTER_SET_CLIENT=@@CHARACTER_SET_CLIENT */;
/*!40101 SET @OLD_CHARACTER_SET_RESULTS=@@CHARACTER_SET_RESULTS */;
/*!40101 SET @OLD_COLLATION_CONNECTION=@@COLLATION_CONNECTION */;
/*!40101 SET NAMES utf8mb4 */;

--
-- Cơ sở dữ liệu: `lab4_php3`
--

-- --------------------------------------------------------

--
-- Cấu trúc bảng cho bảng `cache`
--

CREATE TABLE `cache` (
  `key` varchar(255) NOT NULL,
  `value` mediumtext NOT NULL,
  `expiration` int(11) NOT NULL
) ENGINE=InnoDB DEFAULT CHARSET=utf8mb4 COLLATE=utf8mb4_unicode_ci;

-- --------------------------------------------------------

--
-- Cấu trúc bảng cho bảng `cache_locks`
--

CREATE TABLE `cache_locks` (
  `key` varchar(255) NOT NULL,
  `owner` varchar(255) NOT NULL,
  `expiration` int(11) NOT NULL
) ENGINE=InnoDB DEFAULT CHARSET=utf8mb4 COLLATE=utf8mb4_unicode_ci;

-- --------------------------------------------------------

--
-- Cấu trúc bảng cho bảng `dienthoai`
--

CREATE TABLE `dienthoai` (
  `id` bigint(20) UNSIGNED NOT NULL,
  `tenDT` varchar(30) NOT NULL,
  `moTa` varchar(1000) DEFAULT NULL,
  `ngayCapNhat` datetime NOT NULL,
  `gia` double NOT NULL,
  `giaKM` double DEFAULT NULL,
  `urlHinh` varchar(200) DEFAULT NULL,
  `soLuongTonKho` int(11) NOT NULL DEFAULT 0,
  `hot` tinyint(1) NOT NULL DEFAULT 0,
  `anHien` tinyint(1) NOT NULL DEFAULT 1,
  `created_at` timestamp NULL DEFAULT NULL,
  `updated_at` timestamp NULL DEFAULT NULL,
  `baiViet` text DEFAULT NULL,
  `ghiChu` varchar(500) DEFAULT NULL,
  `idLoai` bigint(20) UNSIGNED NOT NULL
) ENGINE=InnoDB DEFAULT CHARSET=utf8mb4 COLLATE=utf8mb4_unicode_ci;

--
-- Đang đổ dữ liệu cho bảng `dienthoai`
--

INSERT INTO `dienthoai` (`id`, `tenDT`, `moTa`, `ngayCapNhat`, `gia`, `giaKM`, `urlHinh`, `soLuongTonKho`, `hot`, `anHien`, `created_at`, `updated_at`, `baiViet`, `ghiChu`, `idLoai`) VALUES
(1, 'Oppo XA 0', NULL, '2025-03-26 13:27:53', 775735, NULL, NULL, 0, 0, 1, NULL, NULL, NULL, NULL, 2),
(2, 'Iphone XS Max 0', NULL, '2025-03-26 13:27:53', 723851, NULL, NULL, 0, 0, 1, NULL, NULL, NULL, NULL, 3),
(3, 'Nokia Pro 0', NULL, '2025-03-26 13:27:53', 470605, NULL, NULL, 0, 0, 1, NULL, NULL, NULL, NULL, 1),
(4, 'Oppo XA 1', NULL, '2025-03-26 13:27:53', 975014, NULL, NULL, 0, 0, 1, NULL, NULL, NULL, NULL, 2),
(5, 'Iphone XS Max 1', NULL, '2025-03-26 13:27:53', 740558, NULL, NULL, 0, 0, 1, NULL, NULL, NULL, NULL, 3),
(6, 'Nokia Pro 1', NULL, '2025-03-26 13:27:53', 325268, NULL, NULL, 0, 0, 1, NULL, NULL, NULL, NULL, 1),
(7, 'Oppo XA 2', NULL, '2025-03-26 13:27:53', 775545, NULL, NULL, 0, 0, 1, NULL, NULL, NULL, NULL, 2),
(8, 'Iphone XS Max 2', NULL, '2025-03-26 13:27:53', 697329, NULL, NULL, 0, 0, 1, NULL, NULL, NULL, NULL, 3),
(9, 'Nokia Pro 2', NULL, '2025-03-26 13:27:53', 259718, NULL, NULL, 0, 0, 1, NULL, NULL, NULL, NULL, 1),
(10, 'Oppo XA 3', NULL, '2025-03-26 13:27:53', 874898, NULL, NULL, 0, 0, 1, NULL, NULL, NULL, NULL, 2),
(11, 'Iphone XS Max 3', NULL, '2025-03-26 13:27:53', 769364, NULL, NULL, 0, 0, 1, NULL, NULL, NULL, NULL, 3),
(12, 'Nokia Pro 3', NULL, '2025-03-26 13:27:53', 351029, NULL, NULL, 0, 0, 1, NULL, NULL, NULL, NULL, 1),
(13, 'Oppo XA 4', NULL, '2025-03-26 13:27:53', 807671, NULL, NULL, 0, 0, 1, NULL, NULL, NULL, NULL, 2),
(14, 'Iphone XS Max 4', NULL, '2025-03-26 13:27:53', 538048, NULL, NULL, 0, 0, 1, NULL, NULL, NULL, NULL, 3),
(15, 'Nokia Pro 4', NULL, '2025-03-26 13:27:53', 391765, NULL, NULL, 0, 0, 1, NULL, NULL, NULL, NULL, 1),
(16, 'Oppo XA 5', NULL, '2025-03-26 13:27:53', 891938, NULL, NULL, 0, 0, 1, NULL, NULL, NULL, NULL, 2),
(17, 'Iphone XS Max 5', NULL, '2025-03-26 13:27:53', 526203, NULL, NULL, 0, 0, 1, NULL, NULL, NULL, NULL, 3),
(18, 'Nokia Pro 5', NULL, '2025-03-26 13:27:53', 316250, NULL, NULL, 0, 0, 1, NULL, NULL, NULL, NULL, 1),
(19, 'Oppo XA 6', NULL, '2025-03-26 13:27:53', 753626, NULL, NULL, 0, 0, 1, NULL, NULL, NULL, NULL, 2),
(20, 'Iphone XS Max 6', NULL, '2025-03-26 13:27:53', 609230, NULL, NULL, 0, 0, 1, NULL, NULL, NULL, NULL, 3),
(21, 'Nokia Pro 6', NULL, '2025-03-26 13:27:53', 281252, NULL, NULL, 0, 0, 1, NULL, NULL, NULL, NULL, 1),
(22, 'Oppo XA 7', NULL, '2025-03-26 13:27:53', 784230, NULL, NULL, 0, 0, 1, NULL, NULL, NULL, NULL, 2),
(23, 'Iphone XS Max 7', NULL, '2025-03-26 13:27:53', 678773, NULL, NULL, 0, 0, 1, NULL, NULL, NULL, NULL, 3),
(24, 'Nokia Pro 7', NULL, '2025-03-26 13:27:53', 382298, NULL, NULL, 0, 0, 1, NULL, NULL, NULL, NULL, 1),
(25, 'Oppo XA 8', NULL, '2025-03-26 13:27:53', 814420, NULL, NULL, 0, 0, 1, NULL, NULL, NULL, NULL, 2),
(26, 'Iphone XS Max 8', NULL, '2025-03-26 13:27:53', 735827, NULL, NULL, 0, 0, 1, NULL, NULL, NULL, NULL, 3),
(27, 'Nokia Pro 8', NULL, '2025-03-26 13:27:53', 351862, NULL, NULL, 0, 0, 1, NULL, NULL, NULL, NULL, 1),
(28, 'Oppo XA 9', NULL, '2025-03-26 13:27:53', 887394, NULL, NULL, 0, 0, 1, NULL, NULL, NULL, NULL, 2),
(29, 'Iphone XS Max 9', NULL, '2025-03-26 13:27:53', 768729, NULL, NULL, 0, 0, 1, NULL, NULL, NULL, NULL, 3),
(30, 'Nokia Pro 9', NULL, '2025-03-26 13:27:53', 446847, NULL, NULL, 0, 0, 1, NULL, NULL, NULL, NULL, 1),
(31, 'Oppo XA 10', NULL, '2025-03-26 13:27:53', 897526, NULL, NULL, 0, 0, 1, NULL, NULL, NULL, NULL, 2),
(32, 'Iphone XS Max 10', NULL, '2025-03-26 13:27:53', 642022, NULL, NULL, 0, 0, 1, NULL, NULL, NULL, NULL, 3),
(33, 'Nokia Pro 10', NULL, '2025-03-26 13:27:53', 449047, NULL, NULL, 0, 0, 1, NULL, NULL, NULL, NULL, 1),
(34, 'Oppo XA 11', NULL, '2025-03-26 13:27:53', 843356, NULL, NULL, 0, 0, 1, NULL, NULL, NULL, NULL, 2),
(35, 'Iphone XS Max 11', NULL, '2025-03-26 13:27:53', 732369, NULL, NULL, 0, 0, 1, NULL, NULL, NULL, NULL, 3),
(36, 'Nokia Pro 11', NULL, '2025-03-26 13:27:53', 313921, NULL, NULL, 0, 0, 1, NULL, NULL, NULL, NULL, 1),
(37, 'Oppo XA 12', NULL, '2025-03-26 13:27:53', 872607, NULL, NULL, 0, 0, 1, NULL, NULL, NULL, NULL, 2),
(38, 'Iphone XS Max 12', NULL, '2025-03-26 13:27:53', 537849, NULL, NULL, 0, 0, 1, NULL, NULL, NULL, NULL, 3),
(39, 'Nokia Pro 12', NULL, '2025-03-26 13:27:53', 334139, NULL, NULL, 0, 0, 1, NULL, NULL, NULL, NULL, 1),
(40, 'Oppo XA 13', NULL, '2025-03-26 13:27:53', 804109, NULL, NULL, 0, 0, 1, NULL, NULL, NULL, NULL, 2),
(41, 'Iphone XS Max 13', NULL, '2025-03-26 13:27:53', 620821, NULL, NULL, 0, 0, 1, NULL, NULL, NULL, NULL, 3),
(42, 'Nokia Pro 13', NULL, '2025-03-26 13:27:53', 460108, NULL, NULL, 0, 0, 1, NULL, NULL, NULL, NULL, 1),
(43, 'Oppo XA 14', NULL, '2025-03-26 13:27:53', 763821, NULL, NULL, 0, 0, 1, NULL, NULL, NULL, NULL, 2),
(44, 'Iphone XS Max 14', NULL, '2025-03-26 13:27:53', 746782, NULL, NULL, 0, 0, 1, NULL, NULL, NULL, NULL, 3),
(45, 'Nokia Pro 14', NULL, '2025-03-26 13:27:53', 452451, NULL, NULL, 0, 0, 1, NULL, NULL, NULL, NULL, 1),
(46, 'Oppo XA 15', NULL, '2025-03-26 13:27:53', 922436, NULL, NULL, 0, 0, 1, NULL, NULL, NULL, NULL, 2),
(47, 'Iphone XS Max 15', NULL, '2025-03-26 13:27:53', 657460, NULL, NULL, 0, 0, 1, NULL, NULL, NULL, NULL, 3),
(48, 'Nokia Pro 15', NULL, '2025-03-26 13:27:53', 335123, NULL, NULL, 0, 0, 1, NULL, NULL, NULL, NULL, 1),
(49, 'Oppo XA 16', NULL, '2025-03-26 13:27:53', 845301, NULL, NULL, 0, 0, 1, NULL, NULL, NULL, NULL, 2),
(50, 'Iphone XS Max 16', NULL, '2025-03-26 13:27:53', 792535, NULL, NULL, 0, 0, 1, NULL, NULL, NULL, NULL, 3),
(51, 'Nokia Pro 16', NULL, '2025-03-26 13:27:53', 307852, NULL, NULL, 0, 0, 1, NULL, NULL, NULL, NULL, 1),
(52, 'Oppo XA 17', NULL, '2025-03-26 13:27:53', 754311, NULL, NULL, 0, 0, 1, NULL, NULL, NULL, NULL, 2),
(53, 'Iphone XS Max 17', NULL, '2025-03-26 13:27:53', 765960, NULL, NULL, 0, 0, 1, NULL, NULL, NULL, NULL, 3),
(54, 'Nokia Pro 17', NULL, '2025-03-26 13:27:53', 413014, NULL, NULL, 0, 0, 1, NULL, NULL, NULL, NULL, 1),
(55, 'Oppo XA 18', NULL, '2025-03-26 13:27:53', 828512, NULL, NULL, 0, 0, 1, NULL, NULL, NULL, NULL, 2),
(56, 'Iphone XS Max 18', NULL, '2025-03-26 13:27:53', 690995, NULL, NULL, 0, 0, 1, NULL, NULL, NULL, NULL, 3),
(57, 'Nokia Pro 18', NULL, '2025-03-26 13:27:53', 277777, NULL, NULL, 0, 0, 1, NULL, NULL, NULL, NULL, 1),
(58, 'Oppo XA 19', NULL, '2025-03-26 13:27:53', 834034, NULL, NULL, 0, 0, 1, NULL, NULL, NULL, NULL, 2),
(59, 'Iphone XS Max 19', NULL, '2025-03-26 13:27:53', 570938, NULL, NULL, 0, 0, 1, NULL, NULL, NULL, NULL, 3),
(60, 'Nokia Pro 19', NULL, '2025-03-26 13:27:53', 400522, NULL, NULL, 0, 0, 1, NULL, NULL, NULL, NULL, 1),
(61, 'Oppo XA 20', NULL, '2025-03-26 13:27:53', 886592, NULL, NULL, 0, 0, 1, NULL, NULL, NULL, NULL, 2),
(62, 'Iphone XS Max 20', NULL, '2025-03-26 13:27:53', 693580, NULL, NULL, 0, 0, 1, NULL, NULL, NULL, NULL, 3),
(63, 'Nokia Pro 20', NULL, '2025-03-26 13:27:53', 254110, NULL, NULL, 0, 0, 1, NULL, NULL, NULL, NULL, 1),
(64, 'Oppo XA 21', NULL, '2025-03-26 13:27:53', 948536, NULL, NULL, 0, 0, 1, NULL, NULL, NULL, NULL, 2),
(65, 'Iphone XS Max 21', NULL, '2025-03-26 13:27:53', 733821, NULL, NULL, 0, 0, 1, NULL, NULL, NULL, NULL, 3),
(66, 'Nokia Pro 21', NULL, '2025-03-26 13:27:53', 310040, NULL, NULL, 0, 0, 1, NULL, NULL, NULL, NULL, 1),
(67, 'Oppo XA 22', NULL, '2025-03-26 13:27:53', 854561, NULL, NULL, 0, 0, 1, NULL, NULL, NULL, NULL, 2),
(68, 'Iphone XS Max 22', NULL, '2025-03-26 13:27:53', 515983, NULL, NULL, 0, 0, 1, NULL, NULL, NULL, NULL, 3),
(69, 'Nokia Pro 22', NULL, '2025-03-26 13:27:53', 394925, NULL, NULL, 0, 0, 1, NULL, NULL, NULL, NULL, 1),
(70, 'Oppo XA 23', NULL, '2025-03-26 13:27:53', 732224, NULL, NULL, 0, 0, 1, NULL, NULL, NULL, NULL, 2),
(71, 'Iphone XS Max 23', NULL, '2025-03-26 13:27:53', 759041, NULL, NULL, 0, 0, 1, NULL, NULL, NULL, NULL, 3),
(72, 'Nokia Pro 23', NULL, '2025-03-26 13:27:53', 416374, NULL, NULL, 0, 0, 1, NULL, NULL, NULL, NULL, 1),
(73, 'Oppo XA 24', NULL, '2025-03-26 13:27:53', 968559, NULL, NULL, 0, 0, 1, NULL, NULL, NULL, NULL, 2),
(74, 'Iphone XS Max 24', NULL, '2025-03-26 13:27:53', 798480, NULL, NULL, 0, 0, 1, NULL, NULL, NULL, NULL, 3),
(75, 'Nokia Pro 24', NULL, '2025-03-26 13:27:53', 483978, NULL, NULL, 0, 0, 1, NULL, NULL, NULL, NULL, 1),
(76, 'Oppo XA 25', NULL, '2025-03-26 13:27:53', 974729, NULL, NULL, 0, 0, 1, NULL, NULL, NULL, NULL, 2),
(77, 'Iphone XS Max 25', NULL, '2025-03-26 13:27:53', 777449, NULL, NULL, 0, 0, 1, NULL, NULL, NULL, NULL, 3),
(78, 'Nokia Pro 25', NULL, '2025-03-26 13:27:53', 448602, NULL, NULL, 0, 0, 1, NULL, NULL, NULL, NULL, 1),
(79, 'Oppo XA 26', NULL, '2025-03-26 13:27:53', 906649, NULL, NULL, 0, 0, 1, NULL, NULL, NULL, NULL, 2),
(80, 'Iphone XS Max 26', NULL, '2025-03-26 13:27:53', 714068, NULL, NULL, 0, 0, 1, NULL, NULL, NULL, NULL, 3),
(81, 'Nokia Pro 26', NULL, '2025-03-26 13:27:53', 356065, NULL, NULL, 0, 0, 1, NULL, NULL, NULL, NULL, 1),
(82, 'Oppo XA 27', NULL, '2025-03-26 13:27:53', 814162, NULL, NULL, 0, 0, 1, NULL, NULL, NULL, NULL, 2),
(83, 'Iphone XS Max 27', NULL, '2025-03-26 13:27:53', 663619, NULL, NULL, 0, 0, 1, NULL, NULL, NULL, NULL, 3),
(84, 'Nokia Pro 27', NULL, '2025-03-26 13:27:53', 260859, NULL, NULL, 0, 0, 1, NULL, NULL, NULL, NULL, 1),
(85, 'Oppo XA 28', NULL, '2025-03-26 13:27:53', 700207, NULL, NULL, 0, 0, 1, NULL, NULL, NULL, NULL, 2),
(86, 'Iphone XS Max 28', NULL, '2025-03-26 13:27:53', 720085, NULL, NULL, 0, 0, 1, NULL, NULL, NULL, NULL, 3),
(87, 'Nokia Pro 28', NULL, '2025-03-26 13:27:53', 431827, NULL, NULL, 0, 0, 1, NULL, NULL, NULL, NULL, 1),
(88, 'Oppo XA 29', NULL, '2025-03-26 13:27:53', 741126, NULL, NULL, 0, 0, 1, NULL, NULL, NULL, NULL, 2),
(89, 'Iphone XS Max 29', NULL, '2025-03-26 13:27:53', 679582, NULL, NULL, 0, 0, 1, NULL, NULL, NULL, NULL, 3),
(90, 'Nokia Pro 29', NULL, '2025-03-26 13:27:53', 400892, NULL, NULL, 0, 0, 1, NULL, NULL, NULL, NULL, 1),
(91, 'Oppo XA 30', NULL, '2025-03-26 13:27:53', 850102, NULL, NULL, 0, 0, 1, NULL, NULL, NULL, NULL, 2),
(92, 'Iphone XS Max 30', NULL, '2025-03-26 13:27:53', 754746, NULL, NULL, 0, 0, 1, NULL, NULL, NULL, NULL, 3),
(93, 'Nokia Pro 30', NULL, '2025-03-26 13:27:53', 346897, NULL, NULL, 0, 0, 1, NULL, NULL, NULL, NULL, 1),
(94, 'Oppo XA 31', NULL, '2025-03-26 13:27:53', 795804, NULL, NULL, 0, 0, 1, NULL, NULL, NULL, NULL, 2),
(95, 'Iphone XS Max 31', NULL, '2025-03-26 13:27:53', 609749, NULL, NULL, 0, 0, 1, NULL, NULL, NULL, NULL, 3),
(96, 'Nokia Pro 31', NULL, '2025-03-26 13:27:53', 276733, NULL, NULL, 0, 0, 1, NULL, NULL, NULL, NULL, 1),
(97, 'Oppo XA 32', NULL, '2025-03-26 13:27:53', 965356, NULL, NULL, 0, 0, 1, NULL, NULL, NULL, NULL, 2),
(98, 'Iphone XS Max 32', NULL, '2025-03-26 13:27:53', 557389, NULL, NULL, 0, 0, 1, NULL, NULL, NULL, NULL, 3),
(99, 'Nokia Pro 32', NULL, '2025-03-26 13:27:53', 470175, NULL, NULL, 0, 0, 1, NULL, NULL, NULL, NULL, 1),
(100, 'Oppo XA 33', NULL, '2025-03-26 13:27:53', 926091, NULL, NULL, 0, 0, 1, NULL, NULL, NULL, NULL, 2),
(101, 'Iphone XS Max 33', NULL, '2025-03-26 13:27:53', 704964, NULL, NULL, 0, 0, 1, NULL, NULL, NULL, NULL, 3),
(102, 'Nokia Pro 33', NULL, '2025-03-26 13:27:53', 468414, NULL, NULL, 0, 0, 1, NULL, NULL, NULL, NULL, 1),
(103, 'Oppo XA 34', NULL, '2025-03-26 13:27:53', 804712, NULL, NULL, 0, 0, 1, NULL, NULL, NULL, NULL, 2),
(104, 'Iphone XS Max 34', NULL, '2025-03-26 13:27:53', 771022, NULL, NULL, 0, 0, 1, NULL, NULL, NULL, NULL, 3),
(105, 'Nokia Pro 34', NULL, '2025-03-26 13:27:53', 325020, NULL, NULL, 0, 0, 1, NULL, NULL, NULL, NULL, 1),
(106, 'Oppo XA 35', NULL, '2025-03-26 13:27:53', 921727, NULL, NULL, 0, 0, 1, NULL, NULL, NULL, NULL, 2),
(107, 'Iphone XS Max 35', NULL, '2025-03-26 13:27:53', 528066, NULL, NULL, 0, 0, 1, NULL, NULL, NULL, NULL, 3),
(108, 'Nokia Pro 35', NULL, '2025-03-26 13:27:53', 261064, NULL, NULL, 0, 0, 1, NULL, NULL, NULL, NULL, 1),
(109, 'Oppo XA 36', NULL, '2025-03-26 13:27:53', 911850, NULL, NULL, 0, 0, 1, NULL, NULL, NULL, NULL, 2),
(110, 'Iphone XS Max 36', NULL, '2025-03-26 13:27:53', 597400, NULL, NULL, 0, 0, 1, NULL, NULL, NULL, NULL, 3),
(111, 'Nokia Pro 36', NULL, '2025-03-26 13:27:53', 431437, NULL, NULL, 0, 0, 1, NULL, NULL, NULL, NULL, 1),
(112, 'Oppo XA 37', NULL, '2025-03-26 13:27:53', 977076, NULL, NULL, 0, 0, 1, NULL, NULL, NULL, NULL, 2),
(113, 'Iphone XS Max 37', NULL, '2025-03-26 13:27:53', 641327, NULL, NULL, 0, 0, 1, NULL, NULL, NULL, NULL, 3),
(114, 'Nokia Pro 37', NULL, '2025-03-26 13:27:53', 498124, NULL, NULL, 0, 0, 1, NULL, NULL, NULL, NULL, 1),
(115, 'Oppo XA 38', NULL, '2025-03-26 13:27:53', 832132, NULL, NULL, 0, 0, 1, NULL, NULL, NULL, NULL, 2),
(116, 'Iphone XS Max 38', NULL, '2025-03-26 13:27:53', 545461, NULL, NULL, 0, 0, 1, NULL, NULL, NULL, NULL, 3),
(117, 'Nokia Pro 38', NULL, '2025-03-26 13:27:53', 412455, NULL, NULL, 0, 0, 1, NULL, NULL, NULL, NULL, 1),
(118, 'Oppo XA 39', NULL, '2025-03-26 13:27:53', 760162, NULL, NULL, 0, 0, 1, NULL, NULL, NULL, NULL, 2),
(119, 'Iphone XS Max 39', NULL, '2025-03-26 13:27:53', 726343, NULL, NULL, 0, 0, 1, NULL, NULL, NULL, NULL, 3),
(120, 'Nokia Pro 39', NULL, '2025-03-26 13:27:53', 351933, NULL, NULL, 0, 0, 1, NULL, NULL, NULL, NULL, 1),
(121, 'Oppo XA 40', NULL, '2025-03-26 13:27:53', 842596, NULL, NULL, 0, 0, 1, NULL, NULL, NULL, NULL, 2),
(122, 'Iphone XS Max 40', NULL, '2025-03-26 13:27:53', 665019, NULL, NULL, 0, 0, 1, NULL, NULL, NULL, NULL, 3),
(123, 'Nokia Pro 40', NULL, '2025-03-26 13:27:53', 399638, NULL, NULL, 0, 0, 1, NULL, NULL, NULL, NULL, 1),
(124, 'Oppo XA 41', NULL, '2025-03-26 13:27:53', 878660, NULL, NULL, 0, 0, 1, NULL, NULL, NULL, NULL, 2),
(125, 'Iphone XS Max 41', NULL, '2025-03-26 13:27:53', 762962, NULL, NULL, 0, 0, 1, NULL, NULL, NULL, NULL, 3),
(126, 'Nokia Pro 41', NULL, '2025-03-26 13:27:53', 315815, NULL, NULL, 0, 0, 1, NULL, NULL, NULL, NULL, 1),
(127, 'Oppo XA 42', NULL, '2025-03-26 13:27:53', 784860, NULL, NULL, 0, 0, 1, NULL, NULL, NULL, NULL, 2),
(128, 'Iphone XS Max 42', NULL, '2025-03-26 13:27:53', 627706, NULL, NULL, 0, 0, 1, NULL, NULL, NULL, NULL, 3),
(129, 'Nokia Pro 42', NULL, '2025-03-26 13:27:53', 329553, NULL, NULL, 0, 0, 1, NULL, NULL, NULL, NULL, 1),
(130, 'Oppo XA 43', NULL, '2025-03-26 13:27:53', 973525, NULL, NULL, 0, 0, 1, NULL, NULL, NULL, NULL, 2),
(131, 'Iphone XS Max 43', NULL, '2025-03-26 13:27:53', 738749, NULL, NULL, 0, 0, 1, NULL, NULL, NULL, NULL, 3),
(132, 'Nokia Pro 43', NULL, '2025-03-26 13:27:53', 394548, NULL, NULL, 0, 0, 1, NULL, NULL, NULL, NULL, 1),
(133, 'Oppo XA 44', NULL, '2025-03-26 13:27:53', 884489, NULL, NULL, 0, 0, 1, NULL, NULL, NULL, NULL, 2),
(134, 'Iphone XS Max 44', NULL, '2025-03-26 13:27:53', 674572, NULL, NULL, 0, 0, 1, NULL, NULL, NULL, NULL, 3),
(135, 'Nokia Pro 44', NULL, '2025-03-26 13:27:53', 345179, NULL, NULL, 0, 0, 1, NULL, NULL, NULL, NULL, 1),
(136, 'Oppo XA 45', NULL, '2025-03-26 13:27:53', 881411, NULL, NULL, 0, 0, 1, NULL, NULL, NULL, NULL, 2),
(137, 'Iphone XS Max 45', NULL, '2025-03-26 13:27:53', 657163, NULL, NULL, 0, 0, 1, NULL, NULL, NULL, NULL, 3),
(138, 'Nokia Pro 45', NULL, '2025-03-26 13:27:53', 343545, NULL, NULL, 0, 0, 1, NULL, NULL, NULL, NULL, 1),
(139, 'Oppo XA 46', NULL, '2025-03-26 13:27:53', 959923, NULL, NULL, 0, 0, 1, NULL, NULL, NULL, NULL, 2),
(140, 'Iphone XS Max 46', NULL, '2025-03-26 13:27:53', 740064, NULL, NULL, 0, 0, 1, NULL, NULL, NULL, NULL, 3),
(141, 'Nokia Pro 46', NULL, '2025-03-26 13:27:53', 288400, NULL, NULL, 0, 0, 1, NULL, NULL, NULL, NULL, 1),
(142, 'Oppo XA 47', NULL, '2025-03-26 13:27:53', 739042, NULL, NULL, 0, 0, 1, NULL, NULL, NULL, NULL, 2),
(143, 'Iphone XS Max 47', NULL, '2025-03-26 13:27:53', 710615, NULL, NULL, 0, 0, 1, NULL, NULL, NULL, NULL, 3),
(144, 'Nokia Pro 47', NULL, '2025-03-26 13:27:53', 385234, NULL, NULL, 0, 0, 1, NULL, NULL, NULL, NULL, 1),
(145, 'Oppo XA 48', NULL, '2025-03-26 13:27:53', 714301, NULL, NULL, 0, 0, 1, NULL, NULL, NULL, NULL, 2),
(146, 'Iphone XS Max 48', NULL, '2025-03-26 13:27:53', 657759, NULL, NULL, 0, 0, 1, NULL, NULL, NULL, NULL, 3),
(147, 'Nokia Pro 48', NULL, '2025-03-26 13:27:53', 322089, NULL, NULL, 0, 0, 1, NULL, NULL, NULL, NULL, 1),
(148, 'Oppo XA 49', NULL, '2025-03-26 13:27:53', 843046, NULL, NULL, 0, 0, 1, NULL, NULL, NULL, NULL, 2),
(149, 'Iphone XS Max 49', NULL, '2025-03-26 13:27:53', 733280, NULL, NULL, 0, 0, 1, NULL, NULL, NULL, NULL, 3),
(150, 'Nokia Pro 49', NULL, '2025-03-26 13:27:53', 420145, NULL, NULL, 0, 0, 1, NULL, NULL, NULL, NULL, 1),
(151, 'Oppo XA 50', NULL, '2025-03-26 13:27:53', 932787, NULL, NULL, 0, 0, 1, NULL, NULL, NULL, NULL, 2),
(152, 'Iphone XS Max 50', NULL, '2025-03-26 13:27:53', 688582, NULL, NULL, 0, 0, 1, NULL, NULL, NULL, NULL, 3),
(153, 'Nokia Pro 50', NULL, '2025-03-26 13:27:53', 418227, NULL, NULL, 0, 0, 1, NULL, NULL, NULL, NULL, 1),
(154, 'Oppo XA 51', NULL, '2025-03-26 13:27:53', 869898, NULL, NULL, 0, 0, 1, NULL, NULL, NULL, NULL, 2),
(155, 'Iphone XS Max 51', NULL, '2025-03-26 13:27:53', 600015, NULL, NULL, 0, 0, 1, NULL, NULL, NULL, NULL, 3),
(156, 'Nokia Pro 51', NULL, '2025-03-26 13:27:53', 391741, NULL, NULL, 0, 0, 1, NULL, NULL, NULL, NULL, 1),
(157, 'Oppo XA 52', NULL, '2025-03-26 13:27:53', 889865, NULL, NULL, 0, 0, 1, NULL, NULL, NULL, NULL, 2),
(158, 'Iphone XS Max 52', NULL, '2025-03-26 13:27:53', 645195, NULL, NULL, 0, 0, 1, NULL, NULL, NULL, NULL, 3),
(159, 'Nokia Pro 52', NULL, '2025-03-26 13:27:53', 313461, NULL, NULL, 0, 0, 1, NULL, NULL, NULL, NULL, 1),
(160, 'Oppo XA 53', NULL, '2025-03-26 13:27:53', 800946, NULL, NULL, 0, 0, 1, NULL, NULL, NULL, NULL, 2),
(161, 'Iphone XS Max 53', NULL, '2025-03-26 13:27:53', 554440, NULL, NULL, 0, 0, 1, NULL, NULL, NULL, NULL, 3),
(162, 'Nokia Pro 53', NULL, '2025-03-26 13:27:53', 338974, NULL, NULL, 0, 0, 1, NULL, NULL, NULL, NULL, 1),
(163, 'Oppo XA 54', NULL, '2025-03-26 13:27:53', 779200, NULL, NULL, 0, 0, 1, NULL, NULL, NULL, NULL, 2),
(164, 'Iphone XS Max 54', NULL, '2025-03-26 13:27:53', 652758, NULL, NULL, 0, 0, 1, NULL, NULL, NULL, NULL, 3),
(165, 'Nokia Pro 54', NULL, '2025-03-26 13:27:53', 418345, NULL, NULL, 0, 0, 1, NULL, NULL, NULL, NULL, 1),
(166, 'Oppo XA 55', NULL, '2025-03-26 13:27:53', 733332, NULL, NULL, 0, 0, 1, NULL, NULL, NULL, NULL, 2),
(167, 'Iphone XS Max 55', NULL, '2025-03-26 13:27:53', 585033, NULL, NULL, 0, 0, 1, NULL, NULL, NULL, NULL, 3),
(168, 'Nokia Pro 55', NULL, '2025-03-26 13:27:53', 367562, NULL, NULL, 0, 0, 1, NULL, NULL, NULL, NULL, 1),
(169, 'Oppo XA 56', NULL, '2025-03-26 13:27:53', 710781, NULL, NULL, 0, 0, 1, NULL, NULL, NULL, NULL, 2),
(170, 'Iphone XS Max 56', NULL, '2025-03-26 13:27:53', 720554, NULL, NULL, 0, 0, 1, NULL, NULL, NULL, NULL, 3),
(171, 'Nokia Pro 56', NULL, '2025-03-26 13:27:53', 259171, NULL, NULL, 0, 0, 1, NULL, NULL, NULL, NULL, 1),
(172, 'Oppo XA 57', NULL, '2025-03-26 13:27:53', 872217, NULL, NULL, 0, 0, 1, NULL, NULL, NULL, NULL, 2),
(173, 'Iphone XS Max 57', NULL, '2025-03-26 13:27:53', 674464, NULL, NULL, 0, 0, 1, NULL, NULL, NULL, NULL, 3),
(174, 'Nokia Pro 57', NULL, '2025-03-26 13:27:53', 270127, NULL, NULL, 0, 0, 1, NULL, NULL, NULL, NULL, 1),
(175, 'Oppo XA 58', NULL, '2025-03-26 13:27:53', 953181, NULL, NULL, 0, 0, 1, NULL, NULL, NULL, NULL, 2),
(176, 'Iphone XS Max 58', NULL, '2025-03-26 13:27:53', 791443, NULL, NULL, 0, 0, 1, NULL, NULL, NULL, NULL, 3),
(177, 'Nokia Pro 58', NULL, '2025-03-26 13:27:53', 431968, NULL, NULL, 0, 0, 1, NULL, NULL, NULL, NULL, 1),
(178, 'Oppo XA 59', NULL, '2025-03-26 13:27:53', 921787, NULL, NULL, 0, 0, 1, NULL, NULL, NULL, NULL, 2),
(179, 'Iphone XS Max 59', NULL, '2025-03-26 13:27:53', 656920, NULL, NULL, 0, 0, 1, NULL, NULL, NULL, NULL, 3),
(180, 'Nokia Pro 59', NULL, '2025-03-26 13:27:53', 320682, NULL, NULL, 0, 0, 1, NULL, NULL, NULL, NULL, 1),
(181, 'Oppo XA 60', NULL, '2025-03-26 13:27:53', 723656, NULL, NULL, 0, 0, 1, NULL, NULL, NULL, NULL, 2),
(182, 'Iphone XS Max 60', NULL, '2025-03-26 13:27:53', 541996, NULL, NULL, 0, 0, 1, NULL, NULL, NULL, NULL, 3),
(183, 'Nokia Pro 60', NULL, '2025-03-26 13:27:53', 458173, NULL, NULL, 0, 0, 1, NULL, NULL, NULL, NULL, 1),
(184, 'Oppo XA 61', NULL, '2025-03-26 13:27:53', 930279, NULL, NULL, 0, 0, 1, NULL, NULL, NULL, NULL, 2),
(185, 'Iphone XS Max 61', NULL, '2025-03-26 13:27:53', 781957, NULL, NULL, 0, 0, 1, NULL, NULL, NULL, NULL, 3),
(186, 'Nokia Pro 61', NULL, '2025-03-26 13:27:53', 408639, NULL, NULL, 0, 0, 1, NULL, NULL, NULL, NULL, 1),
(187, 'Oppo XA 62', NULL, '2025-03-26 13:27:53', 841692, NULL, NULL, 0, 0, 1, NULL, NULL, NULL, NULL, 2),
(188, 'Iphone XS Max 62', NULL, '2025-03-26 13:27:53', 521534, NULL, NULL, 0, 0, 1, NULL, NULL, NULL, NULL, 3),
(189, 'Nokia Pro 62', NULL, '2025-03-26 13:27:53', 406889, NULL, NULL, 0, 0, 1, NULL, NULL, NULL, NULL, 1),
(190, 'Oppo XA 63', NULL, '2025-03-26 13:27:53', 847548, NULL, NULL, 0, 0, 1, NULL, NULL, NULL, NULL, 2),
(191, 'Iphone XS Max 63', NULL, '2025-03-26 13:27:53', 542533, NULL, NULL, 0, 0, 1, NULL, NULL, NULL, NULL, 3),
(192, 'Nokia Pro 63', NULL, '2025-03-26 13:27:53', 327873, NULL, NULL, 0, 0, 1, NULL, NULL, NULL, NULL, 1),
(193, 'Oppo XA 64', NULL, '2025-03-26 13:27:53', 810174, NULL, NULL, 0, 0, 1, NULL, NULL, NULL, NULL, 2),
(194, 'Iphone XS Max 64', NULL, '2025-03-26 13:27:53', 555870, NULL, NULL, 0, 0, 1, NULL, NULL, NULL, NULL, 3),
(195, 'Nokia Pro 64', NULL, '2025-03-26 13:27:53', 411997, NULL, NULL, 0, 0, 1, NULL, NULL, NULL, NULL, 1),
(196, 'Oppo XA 65', NULL, '2025-03-26 13:27:53', 762359, NULL, NULL, 0, 0, 1, NULL, NULL, NULL, NULL, 2),
(197, 'Iphone XS Max 65', NULL, '2025-03-26 13:27:53', 508429, NULL, NULL, 0, 0, 1, NULL, NULL, NULL, NULL, 3),
(198, 'Nokia Pro 65', NULL, '2025-03-26 13:27:53', 251310, NULL, NULL, 0, 0, 1, NULL, NULL, NULL, NULL, 1),
(199, 'Oppo XA 66', NULL, '2025-03-26 13:27:53', 910624, NULL, NULL, 0, 0, 1, NULL, NULL, NULL, NULL, 2),
(200, 'Iphone XS Max 66', NULL, '2025-03-26 13:27:53', 517170, NULL, NULL, 0, 0, 1, NULL, NULL, NULL, NULL, 3),
(201, 'Nokia Pro 66', NULL, '2025-03-26 13:27:53', 337771, NULL, NULL, 0, 0, 1, NULL, NULL, NULL, NULL, 1),
(202, 'Oppo XA 67', NULL, '2025-03-26 13:27:53', 842726, NULL, NULL, 0, 0, 1, NULL, NULL, NULL, NULL, 2),
(203, 'Iphone XS Max 67', NULL, '2025-03-26 13:27:53', 669090, NULL, NULL, 0, 0, 1, NULL, NULL, NULL, NULL, 3),
(204, 'Nokia Pro 67', NULL, '2025-03-26 13:27:53', 484476, NULL, NULL, 0, 0, 1, NULL, NULL, NULL, NULL, 1),
(205, 'Oppo XA 68', NULL, '2025-03-26 13:27:53', 897243, NULL, NULL, 0, 0, 1, NULL, NULL, NULL, NULL, 2),
(206, 'Iphone XS Max 68', NULL, '2025-03-26 13:27:53', 547353, NULL, NULL, 0, 0, 1, NULL, NULL, NULL, NULL, 3),
(207, 'Nokia Pro 68', NULL, '2025-03-26 13:27:53', 320584, NULL, NULL, 0, 0, 1, NULL, NULL, NULL, NULL, 1),
(208, 'Oppo XA 69', NULL, '2025-03-26 13:27:53', 956307, NULL, NULL, 0, 0, 1, NULL, NULL, NULL, NULL, 2),
(209, 'Iphone XS Max 69', NULL, '2025-03-26 13:27:53', 583966, NULL, NULL, 0, 0, 1, NULL, NULL, NULL, NULL, 3),
(210, 'Nokia Pro 69', NULL, '2025-03-26 13:27:53', 342086, NULL, NULL, 0, 0, 1, NULL, NULL, NULL, NULL, 1),
(211, 'Oppo XA 70', NULL, '2025-03-26 13:27:53', 935182, NULL, NULL, 0, 0, 1, NULL, NULL, NULL, NULL, 2),
(212, 'Iphone XS Max 70', NULL, '2025-03-26 13:27:53', 621138, NULL, NULL, 0, 0, 1, NULL, NULL, NULL, NULL, 3),
(213, 'Nokia Pro 70', NULL, '2025-03-26 13:27:53', 295307, NULL, NULL, 0, 0, 1, NULL, NULL, NULL, NULL, 1),
(214, 'Oppo XA 71', NULL, '2025-03-26 13:27:53', 990600, NULL, NULL, 0, 0, 1, NULL, NULL, NULL, NULL, 2),
(215, 'Iphone XS Max 71', NULL, '2025-03-26 13:27:53', 776207, NULL, NULL, 0, 0, 1, NULL, NULL, NULL, NULL, 3),
(216, 'Nokia Pro 71', NULL, '2025-03-26 13:27:53', 474697, NULL, NULL, 0, 0, 1, NULL, NULL, NULL, NULL, 1),
(217, 'Oppo XA 72', NULL, '2025-03-26 13:27:53', 879149, NULL, NULL, 0, 0, 1, NULL, NULL, NULL, NULL, 2),
(218, 'Iphone XS Max 72', NULL, '2025-03-26 13:27:53', 577193, NULL, NULL, 0, 0, 1, NULL, NULL, NULL, NULL, 3),
(219, 'Nokia Pro 72', NULL, '2025-03-26 13:27:53', 409316, NULL, NULL, 0, 0, 1, NULL, NULL, NULL, NULL, 1),
(220, 'Oppo XA 73', NULL, '2025-03-26 13:27:53', 826986, NULL, NULL, 0, 0, 1, NULL, NULL, NULL, NULL, 2),
(221, 'Iphone XS Max 73', NULL, '2025-03-26 13:27:53', 662150, NULL, NULL, 0, 0, 1, NULL, NULL, NULL, NULL, 3),
(222, 'Nokia Pro 73', NULL, '2025-03-26 13:27:53', 474173, NULL, NULL, 0, 0, 1, NULL, NULL, NULL, NULL, 1),
(223, 'Oppo XA 74', NULL, '2025-03-26 13:27:53', 979530, NULL, NULL, 0, 0, 1, NULL, NULL, NULL, NULL, 2),
(224, 'Iphone XS Max 74', NULL, '2025-03-26 13:27:53', 543927, NULL, NULL, 0, 0, 1, NULL, NULL, NULL, NULL, 3),
(225, 'Nokia Pro 74', NULL, '2025-03-26 13:27:53', 330653, NULL, NULL, 0, 0, 1, NULL, NULL, NULL, NULL, 1),
(226, 'Oppo XA 75', NULL, '2025-03-26 13:27:53', 744612, NULL, NULL, 0, 0, 1, NULL, NULL, NULL, NULL, 2),
(227, 'Iphone XS Max 75', NULL, '2025-03-26 13:27:53', 642582, NULL, NULL, 0, 0, 1, NULL, NULL, NULL, NULL, 3),
(228, 'Nokia Pro 75', NULL, '2025-03-26 13:27:53', 441978, NULL, NULL, 0, 0, 1, NULL, NULL, NULL, NULL, 1),
(229, 'Oppo XA 76', NULL, '2025-03-26 13:27:53', 764112, NULL, NULL, 0, 0, 1, NULL, NULL, NULL, NULL, 2),
(230, 'Iphone XS Max 76', NULL, '2025-03-26 13:27:53', 662857, NULL, NULL, 0, 0, 1, NULL, NULL, NULL, NULL, 3),
(231, 'Nokia Pro 76', NULL, '2025-03-26 13:27:53', 335446, NULL, NULL, 0, 0, 1, NULL, NULL, NULL, NULL, 1),
(232, 'Oppo XA 77', NULL, '2025-03-26 13:27:53', 971780, NULL, NULL, 0, 0, 1, NULL, NULL, NULL, NULL, 2),
(233, 'Iphone XS Max 77', NULL, '2025-03-26 13:27:53', 624142, NULL, NULL, 0, 0, 1, NULL, NULL, NULL, NULL, 3),
(234, 'Nokia Pro 77', NULL, '2025-03-26 13:27:53', 373442, NULL, NULL, 0, 0, 1, NULL, NULL, NULL, NULL, 1),
(235, 'Oppo XA 78', NULL, '2025-03-26 13:27:53', 733270, NULL, NULL, 0, 0, 1, NULL, NULL, NULL, NULL, 2),
(236, 'Iphone XS Max 78', NULL, '2025-03-26 13:27:53', 677816, NULL, NULL, 0, 0, 1, NULL, NULL, NULL, NULL, 3),
(237, 'Nokia Pro 78', NULL, '2025-03-26 13:27:53', 287163, NULL, NULL, 0, 0, 1, NULL, NULL, NULL, NULL, 1),
(238, 'Oppo XA 79', NULL, '2025-03-26 13:27:53', 972876, NULL, NULL, 0, 0, 1, NULL, NULL, NULL, NULL, 2),
(239, 'Iphone XS Max 79', NULL, '2025-03-26 13:27:53', 637020, NULL, NULL, 0, 0, 1, NULL, NULL, NULL, NULL, 3),
(240, 'Nokia Pro 79', NULL, '2025-03-26 13:27:53', 279156, NULL, NULL, 0, 0, 1, NULL, NULL, NULL, NULL, 1),
(241, 'Oppo XA 80', NULL, '2025-03-26 13:27:53', 994217, NULL, NULL, 0, 0, 1, NULL, NULL, NULL, NULL, 2),
(242, 'Iphone XS Max 80', NULL, '2025-03-26 13:27:53', 631186, NULL, NULL, 0, 0, 1, NULL, NULL, NULL, NULL, 3),
(243, 'Nokia Pro 80', NULL, '2025-03-26 13:27:53', 392391, NULL, NULL, 0, 0, 1, NULL, NULL, NULL, NULL, 1),
(244, 'Oppo XA 81', NULL, '2025-03-26 13:27:53', 764794, NULL, NULL, 0, 0, 1, NULL, NULL, NULL, NULL, 2),
(245, 'Iphone XS Max 81', NULL, '2025-03-26 13:27:53', 777504, NULL, NULL, 0, 0, 1, NULL, NULL, NULL, NULL, 3),
(246, 'Nokia Pro 81', NULL, '2025-03-26 13:27:53', 480490, NULL, NULL, 0, 0, 1, NULL, NULL, NULL, NULL, 1),
(247, 'Oppo XA 82', NULL, '2025-03-26 13:27:53', 980404, NULL, NULL, 0, 0, 1, NULL, NULL, NULL, NULL, 2),
(248, 'Iphone XS Max 82', NULL, '2025-03-26 13:27:53', 552627, NULL, NULL, 0, 0, 1, NULL, NULL, NULL, NULL, 3),
(249, 'Nokia Pro 82', NULL, '2025-03-26 13:27:53', 340280, NULL, NULL, 0, 0, 1, NULL, NULL, NULL, NULL, 1),
(250, 'Oppo XA 83', NULL, '2025-03-26 13:27:53', 795433, NULL, NULL, 0, 0, 1, NULL, NULL, NULL, NULL, 2),
(251, 'Iphone XS Max 83', NULL, '2025-03-26 13:27:53', 567297, NULL, NULL, 0, 0, 1, NULL, NULL, NULL, NULL, 3),
(252, 'Nokia Pro 83', NULL, '2025-03-26 13:27:53', 331810, NULL, NULL, 0, 0, 1, NULL, NULL, NULL, NULL, 1),
(253, 'Oppo XA 84', NULL, '2025-03-26 13:27:53', 861191, NULL, NULL, 0, 0, 1, NULL, NULL, NULL, NULL, 2),
(254, 'Iphone XS Max 84', NULL, '2025-03-26 13:27:53', 629331, NULL, NULL, 0, 0, 1, NULL, NULL, NULL, NULL, 3),
(255, 'Nokia Pro 84', NULL, '2025-03-26 13:27:53', 306135, NULL, NULL, 0, 0, 1, NULL, NULL, NULL, NULL, 1),
(256, 'Oppo XA 85', NULL, '2025-03-26 13:27:53', 749128, NULL, NULL, 0, 0, 1, NULL, NULL, NULL, NULL, 2),
(257, 'Iphone XS Max 85', NULL, '2025-03-26 13:27:53', 712933, NULL, NULL, 0, 0, 1, NULL, NULL, NULL, NULL, 3),
(258, 'Nokia Pro 85', NULL, '2025-03-26 13:27:53', 441479, NULL, NULL, 0, 0, 1, NULL, NULL, NULL, NULL, 1),
(259, 'Oppo XA 86', NULL, '2025-03-26 13:27:53', 982966, NULL, NULL, 0, 0, 1, NULL, NULL, NULL, NULL, 2),
(260, 'Iphone XS Max 86', NULL, '2025-03-26 13:27:53', 684017, NULL, NULL, 0, 0, 1, NULL, NULL, NULL, NULL, 3),
(261, 'Nokia Pro 86', NULL, '2025-03-26 13:27:53', 269730, NULL, NULL, 0, 0, 1, NULL, NULL, NULL, NULL, 1),
(262, 'Oppo XA 87', NULL, '2025-03-26 13:27:53', 759907, NULL, NULL, 0, 0, 1, NULL, NULL, NULL, NULL, 2),
(263, 'Iphone XS Max 87', NULL, '2025-03-26 13:27:53', 680282, NULL, NULL, 0, 0, 1, NULL, NULL, NULL, NULL, 3),
(264, 'Nokia Pro 87', NULL, '2025-03-26 13:27:53', 287704, NULL, NULL, 0, 0, 1, NULL, NULL, NULL, NULL, 1),
(265, 'Oppo XA 88', NULL, '2025-03-26 13:27:53', 794963, NULL, NULL, 0, 0, 1, NULL, NULL, NULL, NULL, 2),
(266, 'Iphone XS Max 88', NULL, '2025-03-26 13:27:53', 797349, NULL, NULL, 0, 0, 1, NULL, NULL, NULL, NULL, 3),
(267, 'Nokia Pro 88', NULL, '2025-03-26 13:27:53', 282450, NULL, NULL, 0, 0, 1, NULL, NULL, NULL, NULL, 1),
(268, 'Oppo XA 89', NULL, '2025-03-26 13:27:53', 853679, NULL, NULL, 0, 0, 1, NULL, NULL, NULL, NULL, 2),
(269, 'Iphone XS Max 89', NULL, '2025-03-26 13:27:53', 509211, NULL, NULL, 0, 0, 1, NULL, NULL, NULL, NULL, 3),
(270, 'Nokia Pro 89', NULL, '2025-03-26 13:27:53', 405156, NULL, NULL, 0, 0, 1, NULL, NULL, NULL, NULL, 1),
(271, 'Oppo XA 90', NULL, '2025-03-26 13:27:53', 812719, NULL, NULL, 0, 0, 1, NULL, NULL, NULL, NULL, 2),
(272, 'Iphone XS Max 90', NULL, '2025-03-26 13:27:53', 701559, NULL, NULL, 0, 0, 1, NULL, NULL, NULL, NULL, 3),
(273, 'Nokia Pro 90', NULL, '2025-03-26 13:27:53', 479569, NULL, NULL, 0, 0, 1, NULL, NULL, NULL, NULL, 1),
(274, 'Oppo XA 91', NULL, '2025-03-26 13:27:53', 736686, NULL, NULL, 0, 0, 1, NULL, NULL, NULL, NULL, 2),
(275, 'Iphone XS Max 91', NULL, '2025-03-26 13:27:53', 765548, NULL, NULL, 0, 0, 1, NULL, NULL, NULL, NULL, 3),
(276, 'Nokia Pro 91', NULL, '2025-03-26 13:27:53', 478858, NULL, NULL, 0, 0, 1, NULL, NULL, NULL, NULL, 1),
(277, 'Oppo XA 92', NULL, '2025-03-26 13:27:53', 971215, NULL, NULL, 0, 0, 1, NULL, NULL, NULL, NULL, 2),
(278, 'Iphone XS Max 92', NULL, '2025-03-26 13:27:53', 593835, NULL, NULL, 0, 0, 1, NULL, NULL, NULL, NULL, 3),
(279, 'Nokia Pro 92', NULL, '2025-03-26 13:27:53', 316000, NULL, NULL, 0, 0, 1, NULL, NULL, NULL, NULL, 1),
(280, 'Oppo XA 93', NULL, '2025-03-26 13:27:53', 735696, NULL, NULL, 0, 0, 1, NULL, NULL, NULL, NULL, 2),
(281, 'Iphone XS Max 93', NULL, '2025-03-26 13:27:53', 668755, NULL, NULL, 0, 0, 1, NULL, NULL, NULL, NULL, 3),
(282, 'Nokia Pro 93', NULL, '2025-03-26 13:27:53', 379832, NULL, NULL, 0, 0, 1, NULL, NULL, NULL, NULL, 1),
(283, 'Oppo XA 94', NULL, '2025-03-26 13:27:53', 955831, NULL, NULL, 0, 0, 1, NULL, NULL, NULL, NULL, 2),
(284, 'Iphone XS Max 94', NULL, '2025-03-26 13:27:53', 790188, NULL, NULL, 0, 0, 1, NULL, NULL, NULL, NULL, 3),
(285, 'Nokia Pro 94', NULL, '2025-03-26 13:27:53', 497856, NULL, NULL, 0, 0, 1, NULL, NULL, NULL, NULL, 1),
(286, 'Oppo XA 95', NULL, '2025-03-26 13:27:53', 927422, NULL, NULL, 0, 0, 1, NULL, NULL, NULL, NULL, 2),
(287, 'Iphone XS Max 95', NULL, '2025-03-26 13:27:53', 732695, NULL, NULL, 0, 0, 1, NULL, NULL, NULL, NULL, 3),
(288, 'Nokia Pro 95', NULL, '2025-03-26 13:27:53', 385017, NULL, NULL, 0, 0, 1, NULL, NULL, NULL, NULL, 1),
(289, 'Oppo XA 96', NULL, '2025-03-26 13:27:53', 746069, NULL, NULL, 0, 0, 1, NULL, NULL, NULL, NULL, 2),
(290, 'Iphone XS Max 96', NULL, '2025-03-26 13:27:53', 551776, NULL, NULL, 0, 0, 1, NULL, NULL, NULL, NULL, 3),
(291, 'Nokia Pro 96', NULL, '2025-03-26 13:27:53', 264443, NULL, NULL, 0, 0, 1, NULL, NULL, NULL, NULL, 1),
(292, 'Oppo XA 97', NULL, '2025-03-26 13:27:53', 755001, NULL, NULL, 0, 0, 1, NULL, NULL, NULL, NULL, 2),
(293, 'Iphone XS Max 97', NULL, '2025-03-26 13:27:53', 696493, NULL, NULL, 0, 0, 1, NULL, NULL, NULL, NULL, 3),
(294, 'Nokia Pro 97', NULL, '2025-03-26 13:27:53', 370063, NULL, NULL, 0, 0, 1, NULL, NULL, NULL, NULL, 1),
(295, 'Oppo XA 98', NULL, '2025-03-26 13:27:53', 835849, NULL, NULL, 0, 0, 1, NULL, NULL, NULL, NULL, 2),
(296, 'Iphone XS Max 98', NULL, '2025-03-26 13:27:53', 634942, NULL, NULL, 0, 0, 1, NULL, NULL, NULL, NULL, 3),
(297, 'Nokia Pro 98', NULL, '2025-03-26 13:27:53', 334874, NULL, NULL, 0, 0, 1, NULL, NULL, NULL, NULL, 1),
(298, 'Oppo XA 99', NULL, '2025-03-26 13:27:53', 862996, NULL, NULL, 0, 0, 1, NULL, NULL, NULL, NULL, 2),
(299, 'Iphone XS Max 99', NULL, '2025-03-26 13:27:53', 671092, NULL, NULL, 0, 0, 1, NULL, NULL, NULL, NULL, 3),
(300, 'Nokia Pro 99', NULL, '2025-03-26 13:27:53', 275760, NULL, NULL, 0, 0, 1, NULL, NULL, NULL, NULL, 1),
(301, 'Oppo XA 100', NULL, '2025-03-26 13:27:53', 769260, NULL, NULL, 0, 0, 1, NULL, NULL, NULL, NULL, 2),
(302, 'Iphone XS Max 100', NULL, '2025-03-26 13:27:53', 531600, NULL, NULL, 0, 0, 1, NULL, NULL, NULL, NULL, 3),
(303, 'Nokia Pro 100', NULL, '2025-03-26 13:27:53', 397955, NULL, NULL, 0, 0, 1, NULL, NULL, NULL, NULL, 1),
(304, 'Oppo XA 101', NULL, '2025-03-26 13:27:53', 934431, NULL, NULL, 0, 0, 1, NULL, NULL, NULL, NULL, 2),
(305, 'Iphone XS Max 101', NULL, '2025-03-26 13:27:53', 705709, NULL, NULL, 0, 0, 1, NULL, NULL, NULL, NULL, 3),
(306, 'Nokia Pro 101', NULL, '2025-03-26 13:27:53', 297248, NULL, NULL, 0, 0, 1, NULL, NULL, NULL, NULL, 1),
(307, 'Oppo XA 102', NULL, '2025-03-26 13:27:53', 951009, NULL, NULL, 0, 0, 1, NULL, NULL, NULL, NULL, 2),
(308, 'Iphone XS Max 102', NULL, '2025-03-26 13:27:53', 686655, NULL, NULL, 0, 0, 1, NULL, NULL, NULL, NULL, 3),
(309, 'Nokia Pro 102', NULL, '2025-03-26 13:27:53', 459944, NULL, NULL, 0, 0, 1, NULL, NULL, NULL, NULL, 1),
(310, 'Oppo XA 103', NULL, '2025-03-26 13:27:53', 971505, NULL, NULL, 0, 0, 1, NULL, NULL, NULL, NULL, 2),
(311, 'Iphone XS Max 103', NULL, '2025-03-26 13:27:53', 603027, NULL, NULL, 0, 0, 1, NULL, NULL, NULL, NULL, 3),
(312, 'Nokia Pro 103', NULL, '2025-03-26 13:27:53', 360322, NULL, NULL, 0, 0, 1, NULL, NULL, NULL, NULL, 1),
(313, 'Oppo XA 104', NULL, '2025-03-26 13:27:53', 762986, NULL, NULL, 0, 0, 1, NULL, NULL, NULL, NULL, 2),
(314, 'Iphone XS Max 104', NULL, '2025-03-26 13:27:53', 679517, NULL, NULL, 0, 0, 1, NULL, NULL, NULL, NULL, 3),
(315, 'Nokia Pro 104', NULL, '2025-03-26 13:27:53', 293034, NULL, NULL, 0, 0, 1, NULL, NULL, NULL, NULL, 1),
(316, 'Oppo XA 105', NULL, '2025-03-26 13:27:53', 731623, NULL, NULL, 0, 0, 1, NULL, NULL, NULL, NULL, 2),
(317, 'Iphone XS Max 105', NULL, '2025-03-26 13:27:53', 693751, NULL, NULL, 0, 0, 1, NULL, NULL, NULL, NULL, 3),
(318, 'Nokia Pro 105', NULL, '2025-03-26 13:27:53', 375261, NULL, NULL, 0, 0, 1, NULL, NULL, NULL, NULL, 1),
(319, 'Oppo XA 106', NULL, '2025-03-26 13:27:53', 950475, NULL, NULL, 0, 0, 1, NULL, NULL, NULL, NULL, 2),
(320, 'Iphone XS Max 106', NULL, '2025-03-26 13:27:53', 505843, NULL, NULL, 0, 0, 1, NULL, NULL, NULL, NULL, 3),
(321, 'Nokia Pro 106', NULL, '2025-03-26 13:27:53', 356545, NULL, NULL, 0, 0, 1, NULL, NULL, NULL, NULL, 1),
(322, 'Oppo XA 107', NULL, '2025-03-26 13:27:53', 758606, NULL, NULL, 0, 0, 1, NULL, NULL, NULL, NULL, 2),
(323, 'Iphone XS Max 107', NULL, '2025-03-26 13:27:53', 775053, NULL, NULL, 0, 0, 1, NULL, NULL, NULL, NULL, 3),
(324, 'Nokia Pro 107', NULL, '2025-03-26 13:27:53', 357301, NULL, NULL, 0, 0, 1, NULL, NULL, NULL, NULL, 1),
(325, 'Oppo XA 108', NULL, '2025-03-26 13:27:53', 709512, NULL, NULL, 0, 0, 1, NULL, NULL, NULL, NULL, 2),
(326, 'Iphone XS Max 108', NULL, '2025-03-26 13:27:53', 613018, NULL, NULL, 0, 0, 1, NULL, NULL, NULL, NULL, 3),
(327, 'Nokia Pro 108', NULL, '2025-03-26 13:27:53', 314749, NULL, NULL, 0, 0, 1, NULL, NULL, NULL, NULL, 1),
(328, 'Oppo XA 109', NULL, '2025-03-26 13:27:53', 959611, NULL, NULL, 0, 0, 1, NULL, NULL, NULL, NULL, 2),
(329, 'Iphone XS Max 109', NULL, '2025-03-26 13:27:53', 705862, NULL, NULL, 0, 0, 1, NULL, NULL, NULL, NULL, 3),
(330, 'Nokia Pro 109', NULL, '2025-03-26 13:27:53', 254957, NULL, NULL, 0, 0, 1, NULL, NULL, NULL, NULL, 1),
(331, 'Oppo XA 110', NULL, '2025-03-26 13:27:53', 799398, NULL, NULL, 0, 0, 1, NULL, NULL, NULL, NULL, 2),
(332, 'Iphone XS Max 110', NULL, '2025-03-26 13:27:53', 633805, NULL, NULL, 0, 0, 1, NULL, NULL, NULL, NULL, 3),
(333, 'Nokia Pro 110', NULL, '2025-03-26 13:27:53', 352314, NULL, NULL, 0, 0, 1, NULL, NULL, NULL, NULL, 1),
(334, 'Oppo XA 111', NULL, '2025-03-26 13:27:53', 950823, NULL, NULL, 0, 0, 1, NULL, NULL, NULL, NULL, 2),
(335, 'Iphone XS Max 111', NULL, '2025-03-26 13:27:53', 779351, NULL, NULL, 0, 0, 1, NULL, NULL, NULL, NULL, 3),
(336, 'Nokia Pro 111', NULL, '2025-03-26 13:27:53', 343240, NULL, NULL, 0, 0, 1, NULL, NULL, NULL, NULL, 1),
(337, 'Oppo XA 112', NULL, '2025-03-26 13:27:53', 737153, NULL, NULL, 0, 0, 1, NULL, NULL, NULL, NULL, 2),
(338, 'Iphone XS Max 112', NULL, '2025-03-26 13:27:53', 763190, NULL, NULL, 0, 0, 1, NULL, NULL, NULL, NULL, 3),
(339, 'Nokia Pro 112', NULL, '2025-03-26 13:27:53', 253014, NULL, NULL, 0, 0, 1, NULL, NULL, NULL, NULL, 1),
(340, 'Oppo XA 113', NULL, '2025-03-26 13:27:53', 746010, NULL, NULL, 0, 0, 1, NULL, NULL, NULL, NULL, 2),
(341, 'Iphone XS Max 113', NULL, '2025-03-26 13:27:53', 671172, NULL, NULL, 0, 0, 1, NULL, NULL, NULL, NULL, 3),
(342, 'Nokia Pro 113', NULL, '2025-03-26 13:27:53', 469530, NULL, NULL, 0, 0, 1, NULL, NULL, NULL, NULL, 1),
(343, 'Oppo XA 114', NULL, '2025-03-26 13:27:53', 890806, NULL, NULL, 0, 0, 1, NULL, NULL, NULL, NULL, 2),
(344, 'Iphone XS Max 114', NULL, '2025-03-26 13:27:53', 510725, NULL, NULL, 0, 0, 1, NULL, NULL, NULL, NULL, 3),
(345, 'Nokia Pro 114', NULL, '2025-03-26 13:27:53', 313743, NULL, NULL, 0, 0, 1, NULL, NULL, NULL, NULL, 1),
(346, 'Oppo XA 115', NULL, '2025-03-26 13:27:53', 717843, NULL, NULL, 0, 0, 1, NULL, NULL, NULL, NULL, 2),
(347, 'Iphone XS Max 115', NULL, '2025-03-26 13:27:53', 521937, NULL, NULL, 0, 0, 1, NULL, NULL, NULL, NULL, 3),
(348, 'Nokia Pro 115', NULL, '2025-03-26 13:27:53', 392232, NULL, NULL, 0, 0, 1, NULL, NULL, NULL, NULL, 1),
(349, 'Oppo XA 116', NULL, '2025-03-26 13:27:53', 906217, NULL, NULL, 0, 0, 1, NULL, NULL, NULL, NULL, 2),
(350, 'Iphone XS Max 116', NULL, '2025-03-26 13:27:53', 714801, NULL, NULL, 0, 0, 1, NULL, NULL, NULL, NULL, 3),
(351, 'Nokia Pro 116', NULL, '2025-03-26 13:27:53', 425082, NULL, NULL, 0, 0, 1, NULL, NULL, NULL, NULL, 1),
(352, 'Oppo XA 117', NULL, '2025-03-26 13:27:53', 827399, NULL, NULL, 0, 0, 1, NULL, NULL, NULL, NULL, 2),
(353, 'Iphone XS Max 117', NULL, '2025-03-26 13:27:53', 615247, NULL, NULL, 0, 0, 1, NULL, NULL, NULL, NULL, 3),
(354, 'Nokia Pro 117', NULL, '2025-03-26 13:27:53', 320706, NULL, NULL, 0, 0, 1, NULL, NULL, NULL, NULL, 1),
(355, 'Oppo XA 118', NULL, '2025-03-26 13:27:53', 765529, NULL, NULL, 0, 0, 1, NULL, NULL, NULL, NULL, 2),
(356, 'Iphone XS Max 118', NULL, '2025-03-26 13:27:53', 725536, NULL, NULL, 0, 0, 1, NULL, NULL, NULL, NULL, 3),
(357, 'Nokia Pro 118', NULL, '2025-03-26 13:27:53', 310083, NULL, NULL, 0, 0, 1, NULL, NULL, NULL, NULL, 1),
(358, 'Oppo XA 119', NULL, '2025-03-26 13:27:53', 741470, NULL, NULL, 0, 0, 1, NULL, NULL, NULL, NULL, 2),
(359, 'Iphone XS Max 119', NULL, '2025-03-26 13:27:53', 765094, NULL, NULL, 0, 0, 1, NULL, NULL, NULL, NULL, 3),
(360, 'Nokia Pro 119', NULL, '2025-03-26 13:27:53', 469034, NULL, NULL, 0, 0, 1, NULL, NULL, NULL, NULL, 1),
(361, 'Oppo XA 120', NULL, '2025-03-26 13:27:53', 725513, NULL, NULL, 0, 0, 1, NULL, NULL, NULL, NULL, 2),
(362, 'Iphone XS Max 120', NULL, '2025-03-26 13:27:53', 505481, NULL, NULL, 0, 0, 1, NULL, NULL, NULL, NULL, 3),
(363, 'Nokia Pro 120', NULL, '2025-03-26 13:27:53', 391305, NULL, NULL, 0, 0, 1, NULL, NULL, NULL, NULL, 1),
(364, 'Oppo XA 121', NULL, '2025-03-26 13:27:53', 949899, NULL, NULL, 0, 0, 1, NULL, NULL, NULL, NULL, 2),
(365, 'Iphone XS Max 121', NULL, '2025-03-26 13:27:53', 607585, NULL, NULL, 0, 0, 1, NULL, NULL, NULL, NULL, 3),
(366, 'Nokia Pro 121', NULL, '2025-03-26 13:27:53', 448534, NULL, NULL, 0, 0, 1, NULL, NULL, NULL, NULL, 1),
(367, 'Oppo XA 122', NULL, '2025-03-26 13:27:53', 844200, NULL, NULL, 0, 0, 1, NULL, NULL, NULL, NULL, 2),
(368, 'Iphone XS Max 122', NULL, '2025-03-26 13:27:53', 527776, NULL, NULL, 0, 0, 1, NULL, NULL, NULL, NULL, 3),
(369, 'Nokia Pro 122', NULL, '2025-03-26 13:27:53', 286271, NULL, NULL, 0, 0, 1, NULL, NULL, NULL, NULL, 1),
(370, 'Oppo XA 123', NULL, '2025-03-26 13:27:53', 866196, NULL, NULL, 0, 0, 1, NULL, NULL, NULL, NULL, 2),
(371, 'Iphone XS Max 123', NULL, '2025-03-26 13:27:53', 760710, NULL, NULL, 0, 0, 1, NULL, NULL, NULL, NULL, 3),
(372, 'Nokia Pro 123', NULL, '2025-03-26 13:27:53', 401274, NULL, NULL, 0, 0, 1, NULL, NULL, NULL, NULL, 1),
(373, 'Oppo XA 124', NULL, '2025-03-26 13:27:53', 867953, NULL, NULL, 0, 0, 1, NULL, NULL, NULL, NULL, 2),
(374, 'Iphone XS Max 124', NULL, '2025-03-26 13:27:53', 672359, NULL, NULL, 0, 0, 1, NULL, NULL, NULL, NULL, 3),
(375, 'Nokia Pro 124', NULL, '2025-03-26 13:27:53', 480678, NULL, NULL, 0, 0, 1, NULL, NULL, NULL, NULL, 1),
(376, 'Oppo XA 125', NULL, '2025-03-26 13:27:53', 957714, NULL, NULL, 0, 0, 1, NULL, NULL, NULL, NULL, 2),
(377, 'Iphone XS Max 125', NULL, '2025-03-26 13:27:53', 522326, NULL, NULL, 0, 0, 1, NULL, NULL, NULL, NULL, 3),
(378, 'Nokia Pro 125', NULL, '2025-03-26 13:27:53', 387750, NULL, NULL, 0, 0, 1, NULL, NULL, NULL, NULL, 1),
(379, 'Oppo XA 126', NULL, '2025-03-26 13:27:53', 806195, NULL, NULL, 0, 0, 1, NULL, NULL, NULL, NULL, 2),
(380, 'Iphone XS Max 126', NULL, '2025-03-26 13:27:53', 530471, NULL, NULL, 0, 0, 1, NULL, NULL, NULL, NULL, 3),
(381, 'Nokia Pro 126', NULL, '2025-03-26 13:27:53', 443621, NULL, NULL, 0, 0, 1, NULL, NULL, NULL, NULL, 1),
(382, 'Oppo XA 127', NULL, '2025-03-26 13:27:53', 928220, NULL, NULL, 0, 0, 1, NULL, NULL, NULL, NULL, 2),
(383, 'Iphone XS Max 127', NULL, '2025-03-26 13:27:53', 761095, NULL, NULL, 0, 0, 1, NULL, NULL, NULL, NULL, 3),
(384, 'Nokia Pro 127', NULL, '2025-03-26 13:27:53', 487337, NULL, NULL, 0, 0, 1, NULL, NULL, NULL, NULL, 1),
(385, 'Oppo XA 128', NULL, '2025-03-26 13:27:53', 918522, NULL, NULL, 0, 0, 1, NULL, NULL, NULL, NULL, 2),
(386, 'Iphone XS Max 128', NULL, '2025-03-26 13:27:53', 643663, NULL, NULL, 0, 0, 1, NULL, NULL, NULL, NULL, 3),
(387, 'Nokia Pro 128', NULL, '2025-03-26 13:27:53', 492136, NULL, NULL, 0, 0, 1, NULL, NULL, NULL, NULL, 1),
(388, 'Oppo XA 129', NULL, '2025-03-26 13:27:53', 976749, NULL, NULL, 0, 0, 1, NULL, NULL, NULL, NULL, 2),
(389, 'Iphone XS Max 129', NULL, '2025-03-26 13:27:53', 783557, NULL, NULL, 0, 0, 1, NULL, NULL, NULL, NULL, 3),
(390, 'Nokia Pro 129', NULL, '2025-03-26 13:27:53', 467185, NULL, NULL, 0, 0, 1, NULL, NULL, NULL, NULL, 1),
(391, 'Oppo XA 130', NULL, '2025-03-26 13:27:53', 890289, NULL, NULL, 0, 0, 1, NULL, NULL, NULL, NULL, 2),
(392, 'Iphone XS Max 130', NULL, '2025-03-26 13:27:53', 648821, NULL, NULL, 0, 0, 1, NULL, NULL, NULL, NULL, 3),
(393, 'Nokia Pro 130', NULL, '2025-03-26 13:27:53', 387749, NULL, NULL, 0, 0, 1, NULL, NULL, NULL, NULL, 1),
(394, 'Oppo XA 131', NULL, '2025-03-26 13:27:53', 938617, NULL, NULL, 0, 0, 1, NULL, NULL, NULL, NULL, 2),
(395, 'Iphone XS Max 131', NULL, '2025-03-26 13:27:53', 540399, NULL, NULL, 0, 0, 1, NULL, NULL, NULL, NULL, 3),
(396, 'Nokia Pro 131', NULL, '2025-03-26 13:27:53', 260781, NULL, NULL, 0, 0, 1, NULL, NULL, NULL, NULL, 1),
(397, 'Oppo XA 132', NULL, '2025-03-26 13:27:53', 962762, NULL, NULL, 0, 0, 1, NULL, NULL, NULL, NULL, 2),
(398, 'Iphone XS Max 132', NULL, '2025-03-26 13:27:53', 630665, NULL, NULL, 0, 0, 1, NULL, NULL, NULL, NULL, 3),
(399, 'Nokia Pro 132', NULL, '2025-03-26 13:27:53', 353487, NULL, NULL, 0, 0, 1, NULL, NULL, NULL, NULL, 1),
(400, 'Oppo XA 133', NULL, '2025-03-26 13:27:53', 911996, NULL, NULL, 0, 0, 1, NULL, NULL, NULL, NULL, 2),
(401, 'Iphone XS Max 133', NULL, '2025-03-26 13:27:53', 512240, NULL, NULL, 0, 0, 1, NULL, NULL, NULL, NULL, 3),
(402, 'Nokia Pro 133', NULL, '2025-03-26 13:27:53', 328843, NULL, NULL, 0, 0, 1, NULL, NULL, NULL, NULL, 1),
(403, 'Oppo XA 134', NULL, '2025-03-26 13:27:53', 942176, NULL, NULL, 0, 0, 1, NULL, NULL, NULL, NULL, 2),
(404, 'Iphone XS Max 134', NULL, '2025-03-26 13:27:53', 758646, NULL, NULL, 0, 0, 1, NULL, NULL, NULL, NULL, 3),
(405, 'Nokia Pro 134', NULL, '2025-03-26 13:27:53', 296147, NULL, NULL, 0, 0, 1, NULL, NULL, NULL, NULL, 1),
(406, 'Oppo XA 135', NULL, '2025-03-26 13:27:53', 975996, NULL, NULL, 0, 0, 1, NULL, NULL, NULL, NULL, 2),
(407, 'Iphone XS Max 135', NULL, '2025-03-26 13:27:53', 710626, NULL, NULL, 0, 0, 1, NULL, NULL, NULL, NULL, 3),
(408, 'Nokia Pro 135', NULL, '2025-03-26 13:27:53', 437161, NULL, NULL, 0, 0, 1, NULL, NULL, NULL, NULL, 1),
(409, 'Oppo XA 136', NULL, '2025-03-26 13:27:53', 951195, NULL, NULL, 0, 0, 1, NULL, NULL, NULL, NULL, 2),
(410, 'Iphone XS Max 136', NULL, '2025-03-26 13:27:53', 503636, NULL, NULL, 0, 0, 1, NULL, NULL, NULL, NULL, 3),
(411, 'Nokia Pro 136', NULL, '2025-03-26 13:27:53', 275586, NULL, NULL, 0, 0, 1, NULL, NULL, NULL, NULL, 1),
(412, 'Oppo XA 137', NULL, '2025-03-26 13:27:53', 705030, NULL, NULL, 0, 0, 1, NULL, NULL, NULL, NULL, 2),
(413, 'Iphone XS Max 137', NULL, '2025-03-26 13:27:53', 504561, NULL, NULL, 0, 0, 1, NULL, NULL, NULL, NULL, 3),
(414, 'Nokia Pro 137', NULL, '2025-03-26 13:27:53', 280934, NULL, NULL, 0, 0, 1, NULL, NULL, NULL, NULL, 1),
(415, 'Oppo XA 138', NULL, '2025-03-26 13:27:53', 981046, NULL, NULL, 0, 0, 1, NULL, NULL, NULL, NULL, 2),
(416, 'Iphone XS Max 138', NULL, '2025-03-26 13:27:53', 709812, NULL, NULL, 0, 0, 1, NULL, NULL, NULL, NULL, 3),
(417, 'Nokia Pro 138', NULL, '2025-03-26 13:27:53', 300650, NULL, NULL, 0, 0, 1, NULL, NULL, NULL, NULL, 1),
(418, 'Oppo XA 139', NULL, '2025-03-26 13:27:53', 994008, NULL, NULL, 0, 0, 1, NULL, NULL, NULL, NULL, 2),
(419, 'Iphone XS Max 139', NULL, '2025-03-26 13:27:53', 589989, NULL, NULL, 0, 0, 1, NULL, NULL, NULL, NULL, 3),
(420, 'Nokia Pro 139', NULL, '2025-03-26 13:27:53', 296536, NULL, NULL, 0, 0, 1, NULL, NULL, NULL, NULL, 1),
(421, 'Oppo XA 140', NULL, '2025-03-26 13:27:53', 868860, NULL, NULL, 0, 0, 1, NULL, NULL, NULL, NULL, 2),
(422, 'Iphone XS Max 140', NULL, '2025-03-26 13:27:53', 736064, NULL, NULL, 0, 0, 1, NULL, NULL, NULL, NULL, 3),
(423, 'Nokia Pro 140', NULL, '2025-03-26 13:27:53', 271975, NULL, NULL, 0, 0, 1, NULL, NULL, NULL, NULL, 1),
(424, 'Oppo XA 141', NULL, '2025-03-26 13:27:53', 733297, NULL, NULL, 0, 0, 1, NULL, NULL, NULL, NULL, 2),
(425, 'Iphone XS Max 141', NULL, '2025-03-26 13:27:53', 666845, NULL, NULL, 0, 0, 1, NULL, NULL, NULL, NULL, 3),
(426, 'Nokia Pro 141', NULL, '2025-03-26 13:27:53', 494901, NULL, NULL, 0, 0, 1, NULL, NULL, NULL, NULL, 1),
(427, 'Oppo XA 142', NULL, '2025-03-26 13:27:53', 837170, NULL, NULL, 0, 0, 1, NULL, NULL, NULL, NULL, 2),
(428, 'Iphone XS Max 142', NULL, '2025-03-26 13:27:53', 671607, NULL, NULL, 0, 0, 1, NULL, NULL, NULL, NULL, 3),
(429, 'Nokia Pro 142', NULL, '2025-03-26 13:27:53', 403025, NULL, NULL, 0, 0, 1, NULL, NULL, NULL, NULL, 1),
(430, 'Oppo XA 143', NULL, '2025-03-26 13:27:53', 997739, NULL, NULL, 0, 0, 1, NULL, NULL, NULL, NULL, 2),
(431, 'Iphone XS Max 143', NULL, '2025-03-26 13:27:53', 653200, NULL, NULL, 0, 0, 1, NULL, NULL, NULL, NULL, 3),
(432, 'Nokia Pro 143', NULL, '2025-03-26 13:27:53', 449056, NULL, NULL, 0, 0, 1, NULL, NULL, NULL, NULL, 1),
(433, 'Oppo XA 144', NULL, '2025-03-26 13:27:53', 788105, NULL, NULL, 0, 0, 1, NULL, NULL, NULL, NULL, 2),
(434, 'Iphone XS Max 144', NULL, '2025-03-26 13:27:53', 724765, NULL, NULL, 0, 0, 1, NULL, NULL, NULL, NULL, 3),
(435, 'Nokia Pro 144', NULL, '2025-03-26 13:27:53', 436012, NULL, NULL, 0, 0, 1, NULL, NULL, NULL, NULL, 1),
(436, 'Oppo XA 145', NULL, '2025-03-26 13:27:53', 722513, NULL, NULL, 0, 0, 1, NULL, NULL, NULL, NULL, 2),
(437, 'Iphone XS Max 145', NULL, '2025-03-26 13:27:53', 629335, NULL, NULL, 0, 0, 1, NULL, NULL, NULL, NULL, 3),
(438, 'Nokia Pro 145', NULL, '2025-03-26 13:27:53', 338394, NULL, NULL, 0, 0, 1, NULL, NULL, NULL, NULL, 1),
(439, 'Oppo XA 146', NULL, '2025-03-26 13:27:53', 748412, NULL, NULL, 0, 0, 1, NULL, NULL, NULL, NULL, 2),
(440, 'Iphone XS Max 146', NULL, '2025-03-26 13:27:53', 718184, NULL, NULL, 0, 0, 1, NULL, NULL, NULL, NULL, 3),
(441, 'Nokia Pro 146', NULL, '2025-03-26 13:27:53', 267682, NULL, NULL, 0, 0, 1, NULL, NULL, NULL, NULL, 1),
(442, 'Oppo XA 147', NULL, '2025-03-26 13:27:53', 969778, NULL, NULL, 0, 0, 1, NULL, NULL, NULL, NULL, 2),
(443, 'Iphone XS Max 147', NULL, '2025-03-26 13:27:53', 672893, NULL, NULL, 0, 0, 1, NULL, NULL, NULL, NULL, 3),
(444, 'Nokia Pro 147', NULL, '2025-03-26 13:27:53', 460732, NULL, NULL, 0, 0, 1, NULL, NULL, NULL, NULL, 1),
(445, 'Oppo XA 148', NULL, '2025-03-26 13:27:53', 927038, NULL, NULL, 0, 0, 1, NULL, NULL, NULL, NULL, 2),
(446, 'Iphone XS Max 148', NULL, '2025-03-26 13:27:53', 614070, NULL, NULL, 0, 0, 1, NULL, NULL, NULL, NULL, 3),
(447, 'Nokia Pro 148', NULL, '2025-03-26 13:27:53', 386842, NULL, NULL, 0, 0, 1, NULL, NULL, NULL, NULL, 1),
(448, 'Oppo XA 149', NULL, '2025-03-26 13:27:53', 850276, NULL, NULL, 0, 0, 1, NULL, NULL, NULL, NULL, 2),
(449, 'Iphone XS Max 149', NULL, '2025-03-26 13:27:53', 526732, NULL, NULL, 0, 0, 1, NULL, NULL, NULL, NULL, 3),
(450, 'Nokia Pro 149', NULL, '2025-03-26 13:27:53', 300376, NULL, NULL, 0, 0, 1, NULL, NULL, NULL, NULL, 1),
(451, 'Oppo XA 150', NULL, '2025-03-26 13:27:53', 713189, NULL, NULL, 0, 0, 1, NULL, NULL, NULL, NULL, 2),
(452, 'Iphone XS Max 150', NULL, '2025-03-26 13:27:53', 566760, NULL, NULL, 0, 0, 1, NULL, NULL, NULL, NULL, 3),
(453, 'Nokia Pro 150', NULL, '2025-03-26 13:27:53', 452196, NULL, NULL, 0, 0, 1, NULL, NULL, NULL, NULL, 1),
(454, 'Oppo XA 151', NULL, '2025-03-26 13:27:53', 833116, NULL, NULL, 0, 0, 1, NULL, NULL, NULL, NULL, 2),
(455, 'Iphone XS Max 151', NULL, '2025-03-26 13:27:53', 753303, NULL, NULL, 0, 0, 1, NULL, NULL, NULL, NULL, 3),
(456, 'Nokia Pro 151', NULL, '2025-03-26 13:27:53', 433598, NULL, NULL, 0, 0, 1, NULL, NULL, NULL, NULL, 1),
(457, 'Oppo XA 152', NULL, '2025-03-26 13:27:53', 940916, NULL, NULL, 0, 0, 1, NULL, NULL, NULL, NULL, 2),
(458, 'Iphone XS Max 152', NULL, '2025-03-26 13:27:53', 798204, NULL, NULL, 0, 0, 1, NULL, NULL, NULL, NULL, 3),
(459, 'Nokia Pro 152', NULL, '2025-03-26 13:27:53', 341220, NULL, NULL, 0, 0, 1, NULL, NULL, NULL, NULL, 1),
(460, 'Oppo XA 153', NULL, '2025-03-26 13:27:53', 782753, NULL, NULL, 0, 0, 1, NULL, NULL, NULL, NULL, 2),
(461, 'Iphone XS Max 153', NULL, '2025-03-26 13:27:53', 618417, NULL, NULL, 0, 0, 1, NULL, NULL, NULL, NULL, 3),
(462, 'Nokia Pro 153', NULL, '2025-03-26 13:27:53', 338154, NULL, NULL, 0, 0, 1, NULL, NULL, NULL, NULL, 1),
(463, 'Oppo XA 154', NULL, '2025-03-26 13:27:53', 784732, NULL, NULL, 0, 0, 1, NULL, NULL, NULL, NULL, 2),
(464, 'Iphone XS Max 154', NULL, '2025-03-26 13:27:53', 700163, NULL, NULL, 0, 0, 1, NULL, NULL, NULL, NULL, 3),
(465, 'Nokia Pro 154', NULL, '2025-03-26 13:27:53', 289103, NULL, NULL, 0, 0, 1, NULL, NULL, NULL, NULL, 1),
(466, 'Oppo XA 155', NULL, '2025-03-26 13:27:53', 939182, NULL, NULL, 0, 0, 1, NULL, NULL, NULL, NULL, 2);
INSERT INTO `dienthoai` (`id`, `tenDT`, `moTa`, `ngayCapNhat`, `gia`, `giaKM`, `urlHinh`, `soLuongTonKho`, `hot`, `anHien`, `created_at`, `updated_at`, `baiViet`, `ghiChu`, `idLoai`) VALUES
(467, 'Iphone XS Max 155', NULL, '2025-03-26 13:27:53', 631861, NULL, NULL, 0, 0, 1, NULL, NULL, NULL, NULL, 3),
(468, 'Nokia Pro 155', NULL, '2025-03-26 13:27:53', 361500, NULL, NULL, 0, 0, 1, NULL, NULL, NULL, NULL, 1),
(469, 'Oppo XA 156', NULL, '2025-03-26 13:27:53', 760112, NULL, NULL, 0, 0, 1, NULL, NULL, NULL, NULL, 2),
(470, 'Iphone XS Max 156', NULL, '2025-03-26 13:27:53', 658961, NULL, NULL, 0, 0, 1, NULL, NULL, NULL, NULL, 3),
(471, 'Nokia Pro 156', NULL, '2025-03-26 13:27:53', 307499, NULL, NULL, 0, 0, 1, NULL, NULL, NULL, NULL, 1),
(472, 'Oppo XA 157', NULL, '2025-03-26 13:27:53', 966641, NULL, NULL, 0, 0, 1, NULL, NULL, NULL, NULL, 2),
(473, 'Iphone XS Max 157', NULL, '2025-03-26 13:27:53', 521438, NULL, NULL, 0, 0, 1, NULL, NULL, NULL, NULL, 3),
(474, 'Nokia Pro 157', NULL, '2025-03-26 13:27:53', 455731, NULL, NULL, 0, 0, 1, NULL, NULL, NULL, NULL, 1),
(475, 'Oppo XA 158', NULL, '2025-03-26 13:27:53', 722661, NULL, NULL, 0, 0, 1, NULL, NULL, NULL, NULL, 2),
(476, 'Iphone XS Max 158', NULL, '2025-03-26 13:27:53', 662726, NULL, NULL, 0, 0, 1, NULL, NULL, NULL, NULL, 3),
(477, 'Nokia Pro 158', NULL, '2025-03-26 13:27:53', 403298, NULL, NULL, 0, 0, 1, NULL, NULL, NULL, NULL, 1),
(478, 'Oppo XA 159', NULL, '2025-03-26 13:27:53', 820951, NULL, NULL, 0, 0, 1, NULL, NULL, NULL, NULL, 2),
(479, 'Iphone XS Max 159', NULL, '2025-03-26 13:27:53', 559263, NULL, NULL, 0, 0, 1, NULL, NULL, NULL, NULL, 3),
(480, 'Nokia Pro 159', NULL, '2025-03-26 13:27:53', 318352, NULL, NULL, 0, 0, 1, NULL, NULL, NULL, NULL, 1),
(481, 'Oppo XA 160', NULL, '2025-03-26 13:27:53', 892478, NULL, NULL, 0, 0, 1, NULL, NULL, NULL, NULL, 2),
(482, 'Iphone XS Max 160', NULL, '2025-03-26 13:27:53', 542255, NULL, NULL, 0, 0, 1, NULL, NULL, NULL, NULL, 3),
(483, 'Nokia Pro 160', NULL, '2025-03-26 13:27:53', 324606, NULL, NULL, 0, 0, 1, NULL, NULL, NULL, NULL, 1),
(484, 'Oppo XA 161', NULL, '2025-03-26 13:27:53', 777241, NULL, NULL, 0, 0, 1, NULL, NULL, NULL, NULL, 2),
(485, 'Iphone XS Max 161', NULL, '2025-03-26 13:27:53', 774537, NULL, NULL, 0, 0, 1, NULL, NULL, NULL, NULL, 3),
(486, 'Nokia Pro 161', NULL, '2025-03-26 13:27:53', 281663, NULL, NULL, 0, 0, 1, NULL, NULL, NULL, NULL, 1),
(487, 'Oppo XA 162', NULL, '2025-03-26 13:27:53', 702548, NULL, NULL, 0, 0, 1, NULL, NULL, NULL, NULL, 2),
(488, 'Iphone XS Max 162', NULL, '2025-03-26 13:27:53', 720442, NULL, NULL, 0, 0, 1, NULL, NULL, NULL, NULL, 3),
(489, 'Nokia Pro 162', NULL, '2025-03-26 13:27:53', 398157, NULL, NULL, 0, 0, 1, NULL, NULL, NULL, NULL, 1),
(490, 'Oppo XA 163', NULL, '2025-03-26 13:27:53', 850271, NULL, NULL, 0, 0, 1, NULL, NULL, NULL, NULL, 2),
(491, 'Iphone XS Max 163', NULL, '2025-03-26 13:27:53', 762475, NULL, NULL, 0, 0, 1, NULL, NULL, NULL, NULL, 3),
(492, 'Nokia Pro 163', NULL, '2025-03-26 13:27:53', 384847, NULL, NULL, 0, 0, 1, NULL, NULL, NULL, NULL, 1),
(493, 'Oppo XA 164', NULL, '2025-03-26 13:27:53', 762042, NULL, NULL, 0, 0, 1, NULL, NULL, NULL, NULL, 2),
(494, 'Iphone XS Max 164', NULL, '2025-03-26 13:27:53', 571499, NULL, NULL, 0, 0, 1, NULL, NULL, NULL, NULL, 3),
(495, 'Nokia Pro 164', NULL, '2025-03-26 13:27:53', 360451, NULL, NULL, 0, 0, 1, NULL, NULL, NULL, NULL, 1),
(496, 'Oppo XA 165', NULL, '2025-03-26 13:27:53', 949835, NULL, NULL, 0, 0, 1, NULL, NULL, NULL, NULL, 2),
(497, 'Iphone XS Max 165', NULL, '2025-03-26 13:27:53', 664550, NULL, NULL, 0, 0, 1, NULL, NULL, NULL, NULL, 3),
(498, 'Nokia Pro 165', NULL, '2025-03-26 13:27:53', 494371, NULL, NULL, 0, 0, 1, NULL, NULL, NULL, NULL, 1),
(499, 'Oppo XA 166', NULL, '2025-03-26 13:27:53', 764097, NULL, NULL, 0, 0, 1, NULL, NULL, NULL, NULL, 2),
(500, 'Iphone XS Max 166', NULL, '2025-03-26 13:27:53', 595156, NULL, NULL, 0, 0, 1, NULL, NULL, NULL, NULL, 3),
(501, 'Nokia Pro 166', NULL, '2025-03-26 13:27:53', 281307, NULL, NULL, 0, 0, 1, NULL, NULL, NULL, NULL, 1),
(502, 'Oppo XA 167', NULL, '2025-03-26 13:27:53', 765411, NULL, NULL, 0, 0, 1, NULL, NULL, NULL, NULL, 2),
(503, 'Iphone XS Max 167', NULL, '2025-03-26 13:27:53', 509538, NULL, NULL, 0, 0, 1, NULL, NULL, NULL, NULL, 3),
(504, 'Nokia Pro 167', NULL, '2025-03-26 13:27:53', 309533, NULL, NULL, 0, 0, 1, NULL, NULL, NULL, NULL, 1),
(505, 'Oppo XA 168', NULL, '2025-03-26 13:27:53', 792431, NULL, NULL, 0, 0, 1, NULL, NULL, NULL, NULL, 2),
(506, 'Iphone XS Max 168', NULL, '2025-03-26 13:27:53', 544128, NULL, NULL, 0, 0, 1, NULL, NULL, NULL, NULL, 3),
(507, 'Nokia Pro 168', NULL, '2025-03-26 13:27:53', 381623, NULL, NULL, 0, 0, 1, NULL, NULL, NULL, NULL, 1),
(508, 'Oppo XA 169', NULL, '2025-03-26 13:27:53', 704177, NULL, NULL, 0, 0, 1, NULL, NULL, NULL, NULL, 2),
(509, 'Iphone XS Max 169', NULL, '2025-03-26 13:27:53', 631305, NULL, NULL, 0, 0, 1, NULL, NULL, NULL, NULL, 3),
(510, 'Nokia Pro 169', NULL, '2025-03-26 13:27:53', 261180, NULL, NULL, 0, 0, 1, NULL, NULL, NULL, NULL, 1),
(511, 'Oppo XA 170', NULL, '2025-03-26 13:27:53', 961408, NULL, NULL, 0, 0, 1, NULL, NULL, NULL, NULL, 2),
(512, 'Iphone XS Max 170', NULL, '2025-03-26 13:27:53', 581827, NULL, NULL, 0, 0, 1, NULL, NULL, NULL, NULL, 3),
(513, 'Nokia Pro 170', NULL, '2025-03-26 13:27:53', 404213, NULL, NULL, 0, 0, 1, NULL, NULL, NULL, NULL, 1),
(514, 'Oppo XA 171', NULL, '2025-03-26 13:27:53', 981751, NULL, NULL, 0, 0, 1, NULL, NULL, NULL, NULL, 2),
(515, 'Iphone XS Max 171', NULL, '2025-03-26 13:27:53', 575442, NULL, NULL, 0, 0, 1, NULL, NULL, NULL, NULL, 3),
(516, 'Nokia Pro 171', NULL, '2025-03-26 13:27:53', 283314, NULL, NULL, 0, 0, 1, NULL, NULL, NULL, NULL, 1),
(517, 'Oppo XA 172', NULL, '2025-03-26 13:27:53', 997847, NULL, NULL, 0, 0, 1, NULL, NULL, NULL, NULL, 2),
(518, 'Iphone XS Max 172', NULL, '2025-03-26 13:27:53', 734204, NULL, NULL, 0, 0, 1, NULL, NULL, NULL, NULL, 3),
(519, 'Nokia Pro 172', NULL, '2025-03-26 13:27:53', 311397, NULL, NULL, 0, 0, 1, NULL, NULL, NULL, NULL, 1),
(520, 'Oppo XA 173', NULL, '2025-03-26 13:27:53', 850485, NULL, NULL, 0, 0, 1, NULL, NULL, NULL, NULL, 2),
(521, 'Iphone XS Max 173', NULL, '2025-03-26 13:27:53', 664292, NULL, NULL, 0, 0, 1, NULL, NULL, NULL, NULL, 3),
(522, 'Nokia Pro 173', NULL, '2025-03-26 13:27:53', 338009, NULL, NULL, 0, 0, 1, NULL, NULL, NULL, NULL, 1),
(523, 'Oppo XA 174', NULL, '2025-03-26 13:27:53', 860061, NULL, NULL, 0, 0, 1, NULL, NULL, NULL, NULL, 2),
(524, 'Iphone XS Max 174', NULL, '2025-03-26 13:27:53', 672223, NULL, NULL, 0, 0, 1, NULL, NULL, NULL, NULL, 3),
(525, 'Nokia Pro 174', NULL, '2025-03-26 13:27:53', 321139, NULL, NULL, 0, 0, 1, NULL, NULL, NULL, NULL, 1),
(526, 'Oppo XA 175', NULL, '2025-03-26 13:27:53', 867405, NULL, NULL, 0, 0, 1, NULL, NULL, NULL, NULL, 2),
(527, 'Iphone XS Max 175', NULL, '2025-03-26 13:27:53', 723470, NULL, NULL, 0, 0, 1, NULL, NULL, NULL, NULL, 3),
(528, 'Nokia Pro 175', NULL, '2025-03-26 13:27:53', 451505, NULL, NULL, 0, 0, 1, NULL, NULL, NULL, NULL, 1),
(529, 'Oppo XA 176', NULL, '2025-03-26 13:27:53', 734162, NULL, NULL, 0, 0, 1, NULL, NULL, NULL, NULL, 2),
(530, 'Iphone XS Max 176', NULL, '2025-03-26 13:27:53', 585582, NULL, NULL, 0, 0, 1, NULL, NULL, NULL, NULL, 3),
(531, 'Nokia Pro 176', NULL, '2025-03-26 13:27:53', 334915, NULL, NULL, 0, 0, 1, NULL, NULL, NULL, NULL, 1),
(532, 'Oppo XA 177', NULL, '2025-03-26 13:27:53', 912011, NULL, NULL, 0, 0, 1, NULL, NULL, NULL, NULL, 2),
(533, 'Iphone XS Max 177', NULL, '2025-03-26 13:27:53', 634633, NULL, NULL, 0, 0, 1, NULL, NULL, NULL, NULL, 3),
(534, 'Nokia Pro 177', NULL, '2025-03-26 13:27:53', 411599, NULL, NULL, 0, 0, 1, NULL, NULL, NULL, NULL, 1),
(535, 'Oppo XA 178', NULL, '2025-03-26 13:27:53', 764222, NULL, NULL, 0, 0, 1, NULL, NULL, NULL, NULL, 2),
(536, 'Iphone XS Max 178', NULL, '2025-03-26 13:27:53', 630283, NULL, NULL, 0, 0, 1, NULL, NULL, NULL, NULL, 3),
(537, 'Nokia Pro 178', NULL, '2025-03-26 13:27:53', 359863, NULL, NULL, 0, 0, 1, NULL, NULL, NULL, NULL, 1),
(538, 'Oppo XA 179', NULL, '2025-03-26 13:27:53', 985907, NULL, NULL, 0, 0, 1, NULL, NULL, NULL, NULL, 2),
(539, 'Iphone XS Max 179', NULL, '2025-03-26 13:27:53', 731128, NULL, NULL, 0, 0, 1, NULL, NULL, NULL, NULL, 3),
(540, 'Nokia Pro 179', NULL, '2025-03-26 13:27:53', 323417, NULL, NULL, 0, 0, 1, NULL, NULL, NULL, NULL, 1),
(541, 'Oppo XA 180', NULL, '2025-03-26 13:27:53', 799976, NULL, NULL, 0, 0, 1, NULL, NULL, NULL, NULL, 2),
(542, 'Iphone XS Max 180', NULL, '2025-03-26 13:27:53', 741771, NULL, NULL, 0, 0, 1, NULL, NULL, NULL, NULL, 3),
(543, 'Nokia Pro 180', NULL, '2025-03-26 13:27:53', 417933, NULL, NULL, 0, 0, 1, NULL, NULL, NULL, NULL, 1),
(544, 'Oppo XA 181', NULL, '2025-03-26 13:27:53', 910242, NULL, NULL, 0, 0, 1, NULL, NULL, NULL, NULL, 2),
(545, 'Iphone XS Max 181', NULL, '2025-03-26 13:27:53', 575671, NULL, NULL, 0, 0, 1, NULL, NULL, NULL, NULL, 3),
(546, 'Nokia Pro 181', NULL, '2025-03-26 13:27:53', 258544, NULL, NULL, 0, 0, 1, NULL, NULL, NULL, NULL, 1),
(547, 'Oppo XA 182', NULL, '2025-03-26 13:27:53', 732797, NULL, NULL, 0, 0, 1, NULL, NULL, NULL, NULL, 2),
(548, 'Iphone XS Max 182', NULL, '2025-03-26 13:27:53', 661648, NULL, NULL, 0, 0, 1, NULL, NULL, NULL, NULL, 3),
(549, 'Nokia Pro 182', NULL, '2025-03-26 13:27:53', 412449, NULL, NULL, 0, 0, 1, NULL, NULL, NULL, NULL, 1),
(550, 'Oppo XA 183', NULL, '2025-03-26 13:27:53', 847116, NULL, NULL, 0, 0, 1, NULL, NULL, NULL, NULL, 2),
(551, 'Iphone XS Max 183', NULL, '2025-03-26 13:27:53', 521725, NULL, NULL, 0, 0, 1, NULL, NULL, NULL, NULL, 3),
(552, 'Nokia Pro 183', NULL, '2025-03-26 13:27:53', 262152, NULL, NULL, 0, 0, 1, NULL, NULL, NULL, NULL, 1),
(553, 'Oppo XA 184', NULL, '2025-03-26 13:27:53', 882856, NULL, NULL, 0, 0, 1, NULL, NULL, NULL, NULL, 2),
(554, 'Iphone XS Max 184', NULL, '2025-03-26 13:27:53', 518999, NULL, NULL, 0, 0, 1, NULL, NULL, NULL, NULL, 3),
(555, 'Nokia Pro 184', NULL, '2025-03-26 13:27:53', 456273, NULL, NULL, 0, 0, 1, NULL, NULL, NULL, NULL, 1),
(556, 'Oppo XA 185', NULL, '2025-03-26 13:27:53', 791742, NULL, NULL, 0, 0, 1, NULL, NULL, NULL, NULL, 2),
(557, 'Iphone XS Max 185', NULL, '2025-03-26 13:27:53', 585425, NULL, NULL, 0, 0, 1, NULL, NULL, NULL, NULL, 3),
(558, 'Nokia Pro 185', NULL, '2025-03-26 13:27:53', 331138, NULL, NULL, 0, 0, 1, NULL, NULL, NULL, NULL, 1),
(559, 'Oppo XA 186', NULL, '2025-03-26 13:27:53', 845409, NULL, NULL, 0, 0, 1, NULL, NULL, NULL, NULL, 2),
(560, 'Iphone XS Max 186', NULL, '2025-03-26 13:27:53', 756305, NULL, NULL, 0, 0, 1, NULL, NULL, NULL, NULL, 3),
(561, 'Nokia Pro 186', NULL, '2025-03-26 13:27:53', 371885, NULL, NULL, 0, 0, 1, NULL, NULL, NULL, NULL, 1),
(562, 'Oppo XA 187', NULL, '2025-03-26 13:27:53', 962277, NULL, NULL, 0, 0, 1, NULL, NULL, NULL, NULL, 2),
(563, 'Iphone XS Max 187', NULL, '2025-03-26 13:27:53', 572430, NULL, NULL, 0, 0, 1, NULL, NULL, NULL, NULL, 3),
(564, 'Nokia Pro 187', NULL, '2025-03-26 13:27:53', 289921, NULL, NULL, 0, 0, 1, NULL, NULL, NULL, NULL, 1),
(565, 'Oppo XA 188', NULL, '2025-03-26 13:27:53', 833175, NULL, NULL, 0, 0, 1, NULL, NULL, NULL, NULL, 2),
(566, 'Iphone XS Max 188', NULL, '2025-03-26 13:27:53', 571175, NULL, NULL, 0, 0, 1, NULL, NULL, NULL, NULL, 3),
(567, 'Nokia Pro 188', NULL, '2025-03-26 13:27:53', 452695, NULL, NULL, 0, 0, 1, NULL, NULL, NULL, NULL, 1),
(568, 'Oppo XA 189', NULL, '2025-03-26 13:27:53', 988729, NULL, NULL, 0, 0, 1, NULL, NULL, NULL, NULL, 2),
(569, 'Iphone XS Max 189', NULL, '2025-03-26 13:27:53', 658578, NULL, NULL, 0, 0, 1, NULL, NULL, NULL, NULL, 3),
(570, 'Nokia Pro 189', NULL, '2025-03-26 13:27:53', 269967, NULL, NULL, 0, 0, 1, NULL, NULL, NULL, NULL, 1),
(571, 'Oppo XA 190', NULL, '2025-03-26 13:27:53', 960189, NULL, NULL, 0, 0, 1, NULL, NULL, NULL, NULL, 2),
(572, 'Iphone XS Max 190', NULL, '2025-03-26 13:27:53', 711848, NULL, NULL, 0, 0, 1, NULL, NULL, NULL, NULL, 3),
(573, 'Nokia Pro 190', NULL, '2025-03-26 13:27:53', 439296, NULL, NULL, 0, 0, 1, NULL, NULL, NULL, NULL, 1),
(574, 'Oppo XA 191', NULL, '2025-03-26 13:27:53', 932486, NULL, NULL, 0, 0, 1, NULL, NULL, NULL, NULL, 2),
(575, 'Iphone XS Max 191', NULL, '2025-03-26 13:27:53', 759472, NULL, NULL, 0, 0, 1, NULL, NULL, NULL, NULL, 3),
(576, 'Nokia Pro 191', NULL, '2025-03-26 13:27:53', 435281, NULL, NULL, 0, 0, 1, NULL, NULL, NULL, NULL, 1),
(577, 'Oppo XA 192', NULL, '2025-03-26 13:27:53', 732902, NULL, NULL, 0, 0, 1, NULL, NULL, NULL, NULL, 2),
(578, 'Iphone XS Max 192', NULL, '2025-03-26 13:27:53', 680846, NULL, NULL, 0, 0, 1, NULL, NULL, NULL, NULL, 3),
(579, 'Nokia Pro 192', NULL, '2025-03-26 13:27:53', 272376, NULL, NULL, 0, 0, 1, NULL, NULL, NULL, NULL, 1),
(580, 'Oppo XA 193', NULL, '2025-03-26 13:27:53', 862558, NULL, NULL, 0, 0, 1, NULL, NULL, NULL, NULL, 2),
(581, 'Iphone XS Max 193', NULL, '2025-03-26 13:27:53', 638491, NULL, NULL, 0, 0, 1, NULL, NULL, NULL, NULL, 3),
(582, 'Nokia Pro 193', NULL, '2025-03-26 13:27:53', 287522, NULL, NULL, 0, 0, 1, NULL, NULL, NULL, NULL, 1),
(583, 'Oppo XA 194', NULL, '2025-03-26 13:27:53', 954261, NULL, NULL, 0, 0, 1, NULL, NULL, NULL, NULL, 2),
(584, 'Iphone XS Max 194', NULL, '2025-03-26 13:27:53', 769718, NULL, NULL, 0, 0, 1, NULL, NULL, NULL, NULL, 3),
(585, 'Nokia Pro 194', NULL, '2025-03-26 13:27:53', 370718, NULL, NULL, 0, 0, 1, NULL, NULL, NULL, NULL, 1),
(586, 'Oppo XA 195', NULL, '2025-03-26 13:27:53', 762680, NULL, NULL, 0, 0, 1, NULL, NULL, NULL, NULL, 2),
(587, 'Iphone XS Max 195', NULL, '2025-03-26 13:27:53', 618107, NULL, NULL, 0, 0, 1, NULL, NULL, NULL, NULL, 3),
(588, 'Nokia Pro 195', NULL, '2025-03-26 13:27:53', 278453, NULL, NULL, 0, 0, 1, NULL, NULL, NULL, NULL, 1),
(589, 'Oppo XA 196', NULL, '2025-03-26 13:27:53', 734256, NULL, NULL, 0, 0, 1, NULL, NULL, NULL, NULL, 2),
(590, 'Iphone XS Max 196', NULL, '2025-03-26 13:27:53', 603374, NULL, NULL, 0, 0, 1, NULL, NULL, NULL, NULL, 3),
(591, 'Nokia Pro 196', NULL, '2025-03-26 13:27:53', 304619, NULL, NULL, 0, 0, 1, NULL, NULL, NULL, NULL, 1),
(592, 'Oppo XA 197', NULL, '2025-03-26 13:27:53', 878771, NULL, NULL, 0, 0, 1, NULL, NULL, NULL, NULL, 2),
(593, 'Iphone XS Max 197', NULL, '2025-03-26 13:27:53', 728167, NULL, NULL, 0, 0, 1, NULL, NULL, NULL, NULL, 3),
(594, 'Nokia Pro 197', NULL, '2025-03-26 13:27:53', 357023, NULL, NULL, 0, 0, 1, NULL, NULL, NULL, NULL, 1),
(595, 'Oppo XA 198', NULL, '2025-03-26 13:27:53', 807064, NULL, NULL, 0, 0, 1, NULL, NULL, NULL, NULL, 2),
(596, 'Iphone XS Max 198', NULL, '2025-03-26 13:27:53', 767094, NULL, NULL, 0, 0, 1, NULL, NULL, NULL, NULL, 3),
(597, 'Nokia Pro 198', NULL, '2025-03-26 13:27:53', 251310, NULL, NULL, 0, 0, 1, NULL, NULL, NULL, NULL, 1),
(598, 'Oppo XA 199', NULL, '2025-03-26 13:27:53', 717698, NULL, NULL, 0, 0, 1, NULL, NULL, NULL, NULL, 2),
(599, 'Iphone XS Max 199', NULL, '2025-03-26 13:27:53', 768379, NULL, NULL, 0, 0, 1, NULL, NULL, NULL, NULL, 3),
(600, 'Nokia Pro 199', NULL, '2025-03-26 13:27:53', 355235, NULL, NULL, 0, 0, 1, NULL, NULL, NULL, NULL, 1),
(601, 'Oppo XA 200', NULL, '2025-03-26 13:27:53', 814682, NULL, NULL, 0, 0, 1, NULL, NULL, NULL, NULL, 2),
(602, 'Iphone XS Max 200', NULL, '2025-03-26 13:27:53', 698982, NULL, NULL, 0, 0, 1, NULL, NULL, NULL, NULL, 3),
(603, 'Nokia Pro 200', NULL, '2025-03-26 13:27:53', 259934, NULL, NULL, 0, 0, 1, NULL, NULL, NULL, NULL, 1),
(604, 'Oppo XA 201', NULL, '2025-03-26 13:27:53', 988340, NULL, NULL, 0, 0, 1, NULL, NULL, NULL, NULL, 2),
(605, 'Iphone XS Max 201', NULL, '2025-03-26 13:27:53', 587833, NULL, NULL, 0, 0, 1, NULL, NULL, NULL, NULL, 3),
(606, 'Nokia Pro 201', NULL, '2025-03-26 13:27:53', 289079, NULL, NULL, 0, 0, 1, NULL, NULL, NULL, NULL, 1),
(607, 'Oppo XA 202', NULL, '2025-03-26 13:27:53', 776795, NULL, NULL, 0, 0, 1, NULL, NULL, NULL, NULL, 2),
(608, 'Iphone XS Max 202', NULL, '2025-03-26 13:27:53', 778160, NULL, NULL, 0, 0, 1, NULL, NULL, NULL, NULL, 3),
(609, 'Nokia Pro 202', NULL, '2025-03-26 13:27:53', 459176, NULL, NULL, 0, 0, 1, NULL, NULL, NULL, NULL, 1),
(610, 'Oppo XA 203', NULL, '2025-03-26 13:27:53', 879306, NULL, NULL, 0, 0, 1, NULL, NULL, NULL, NULL, 2),
(611, 'Iphone XS Max 203', NULL, '2025-03-26 13:27:53', 703332, NULL, NULL, 0, 0, 1, NULL, NULL, NULL, NULL, 3),
(612, 'Nokia Pro 203', NULL, '2025-03-26 13:27:53', 256336, NULL, NULL, 0, 0, 1, NULL, NULL, NULL, NULL, 1),
(613, 'Oppo XA 204', NULL, '2025-03-26 13:27:53', 916693, NULL, NULL, 0, 0, 1, NULL, NULL, NULL, NULL, 2),
(614, 'Iphone XS Max 204', NULL, '2025-03-26 13:27:53', 636378, NULL, NULL, 0, 0, 1, NULL, NULL, NULL, NULL, 3),
(615, 'Nokia Pro 204', NULL, '2025-03-26 13:27:53', 289830, NULL, NULL, 0, 0, 1, NULL, NULL, NULL, NULL, 1),
(616, 'Oppo XA 205', NULL, '2025-03-26 13:27:53', 820114, NULL, NULL, 0, 0, 1, NULL, NULL, NULL, NULL, 2),
(617, 'Iphone XS Max 205', NULL, '2025-03-26 13:27:53', 668793, NULL, NULL, 0, 0, 1, NULL, NULL, NULL, NULL, 3),
(618, 'Nokia Pro 205', NULL, '2025-03-26 13:27:53', 363640, NULL, NULL, 0, 0, 1, NULL, NULL, NULL, NULL, 1),
(619, 'Oppo XA 206', NULL, '2025-03-26 13:27:53', 994945, NULL, NULL, 0, 0, 1, NULL, NULL, NULL, NULL, 2),
(620, 'Iphone XS Max 206', NULL, '2025-03-26 13:27:53', 726031, NULL, NULL, 0, 0, 1, NULL, NULL, NULL, NULL, 3),
(621, 'Nokia Pro 206', NULL, '2025-03-26 13:27:53', 420872, NULL, NULL, 0, 0, 1, NULL, NULL, NULL, NULL, 1),
(622, 'Oppo XA 207', NULL, '2025-03-26 13:27:53', 766557, NULL, NULL, 0, 0, 1, NULL, NULL, NULL, NULL, 2),
(623, 'Iphone XS Max 207', NULL, '2025-03-26 13:27:53', 560468, NULL, NULL, 0, 0, 1, NULL, NULL, NULL, NULL, 3),
(624, 'Nokia Pro 207', NULL, '2025-03-26 13:27:53', 481248, NULL, NULL, 0, 0, 1, NULL, NULL, NULL, NULL, 1),
(625, 'Oppo XA 208', NULL, '2025-03-26 13:27:53', 871718, NULL, NULL, 0, 0, 1, NULL, NULL, NULL, NULL, 2),
(626, 'Iphone XS Max 208', NULL, '2025-03-26 13:27:53', 541058, NULL, NULL, 0, 0, 1, NULL, NULL, NULL, NULL, 3),
(627, 'Nokia Pro 208', NULL, '2025-03-26 13:27:53', 252534, NULL, NULL, 0, 0, 1, NULL, NULL, NULL, NULL, 1),
(628, 'Oppo XA 209', NULL, '2025-03-26 13:27:53', 841404, NULL, NULL, 0, 0, 1, NULL, NULL, NULL, NULL, 2),
(629, 'Iphone XS Max 209', NULL, '2025-03-26 13:27:53', 668479, NULL, NULL, 0, 0, 1, NULL, NULL, NULL, NULL, 3),
(630, 'Nokia Pro 209', NULL, '2025-03-26 13:27:53', 432443, NULL, NULL, 0, 0, 1, NULL, NULL, NULL, NULL, 1),
(631, 'Oppo XA 210', NULL, '2025-03-26 13:27:53', 955074, NULL, NULL, 0, 0, 1, NULL, NULL, NULL, NULL, 2),
(632, 'Iphone XS Max 210', NULL, '2025-03-26 13:27:53', 658516, NULL, NULL, 0, 0, 1, NULL, NULL, NULL, NULL, 3),
(633, 'Nokia Pro 210', NULL, '2025-03-26 13:27:53', 499311, NULL, NULL, 0, 0, 1, NULL, NULL, NULL, NULL, 1),
(634, 'Oppo XA 211', NULL, '2025-03-26 13:27:53', 756531, NULL, NULL, 0, 0, 1, NULL, NULL, NULL, NULL, 2),
(635, 'Iphone XS Max 211', NULL, '2025-03-26 13:27:53', 667170, NULL, NULL, 0, 0, 1, NULL, NULL, NULL, NULL, 3),
(636, 'Nokia Pro 211', NULL, '2025-03-26 13:27:53', 368651, NULL, NULL, 0, 0, 1, NULL, NULL, NULL, NULL, 1),
(637, 'Oppo XA 212', NULL, '2025-03-26 13:27:53', 703170, NULL, NULL, 0, 0, 1, NULL, NULL, NULL, NULL, 2),
(638, 'Iphone XS Max 212', NULL, '2025-03-26 13:27:53', 530501, NULL, NULL, 0, 0, 1, NULL, NULL, NULL, NULL, 3),
(639, 'Nokia Pro 212', NULL, '2025-03-26 13:27:53', 287264, NULL, NULL, 0, 0, 1, NULL, NULL, NULL, NULL, 1),
(640, 'Oppo XA 213', NULL, '2025-03-26 13:27:53', 723857, NULL, NULL, 0, 0, 1, NULL, NULL, NULL, NULL, 2),
(641, 'Iphone XS Max 213', NULL, '2025-03-26 13:27:53', 728825, NULL, NULL, 0, 0, 1, NULL, NULL, NULL, NULL, 3),
(642, 'Nokia Pro 213', NULL, '2025-03-26 13:27:53', 312034, NULL, NULL, 0, 0, 1, NULL, NULL, NULL, NULL, 1),
(643, 'Oppo XA 214', NULL, '2025-03-26 13:27:53', 993452, NULL, NULL, 0, 0, 1, NULL, NULL, NULL, NULL, 2),
(644, 'Iphone XS Max 214', NULL, '2025-03-26 13:27:53', 747299, NULL, NULL, 0, 0, 1, NULL, NULL, NULL, NULL, 3),
(645, 'Nokia Pro 214', NULL, '2025-03-26 13:27:53', 280693, NULL, NULL, 0, 0, 1, NULL, NULL, NULL, NULL, 1),
(646, 'Oppo XA 215', NULL, '2025-03-26 13:27:53', 776910, NULL, NULL, 0, 0, 1, NULL, NULL, NULL, NULL, 2),
(647, 'Iphone XS Max 215', NULL, '2025-03-26 13:27:53', 633856, NULL, NULL, 0, 0, 1, NULL, NULL, NULL, NULL, 3),
(648, 'Nokia Pro 215', NULL, '2025-03-26 13:27:53', 336240, NULL, NULL, 0, 0, 1, NULL, NULL, NULL, NULL, 1),
(649, 'Oppo XA 216', NULL, '2025-03-26 13:27:53', 847474, NULL, NULL, 0, 0, 1, NULL, NULL, NULL, NULL, 2),
(650, 'Iphone XS Max 216', NULL, '2025-03-26 13:27:53', 593862, NULL, NULL, 0, 0, 1, NULL, NULL, NULL, NULL, 3),
(651, 'Nokia Pro 216', NULL, '2025-03-26 13:27:53', 419998, NULL, NULL, 0, 0, 1, NULL, NULL, NULL, NULL, 1),
(652, 'Oppo XA 217', NULL, '2025-03-26 13:27:53', 870889, NULL, NULL, 0, 0, 1, NULL, NULL, NULL, NULL, 2),
(653, 'Iphone XS Max 217', NULL, '2025-03-26 13:27:53', 728458, NULL, NULL, 0, 0, 1, NULL, NULL, NULL, NULL, 3),
(654, 'Nokia Pro 217', NULL, '2025-03-26 13:27:53', 460118, NULL, NULL, 0, 0, 1, NULL, NULL, NULL, NULL, 1),
(655, 'Oppo XA 218', NULL, '2025-03-26 13:27:53', 716709, NULL, NULL, 0, 0, 1, NULL, NULL, NULL, NULL, 2),
(656, 'Iphone XS Max 218', NULL, '2025-03-26 13:27:53', 559251, NULL, NULL, 0, 0, 1, NULL, NULL, NULL, NULL, 3),
(657, 'Nokia Pro 218', NULL, '2025-03-26 13:27:53', 422377, NULL, NULL, 0, 0, 1, NULL, NULL, NULL, NULL, 1),
(658, 'Oppo XA 219', NULL, '2025-03-26 13:27:53', 812741, NULL, NULL, 0, 0, 1, NULL, NULL, NULL, NULL, 2),
(659, 'Iphone XS Max 219', NULL, '2025-03-26 13:27:53', 695041, NULL, NULL, 0, 0, 1, NULL, NULL, NULL, NULL, 3),
(660, 'Nokia Pro 219', NULL, '2025-03-26 13:27:53', 286656, NULL, NULL, 0, 0, 1, NULL, NULL, NULL, NULL, 1),
(661, 'Oppo XA 220', NULL, '2025-03-26 13:27:53', 835231, NULL, NULL, 0, 0, 1, NULL, NULL, NULL, NULL, 2),
(662, 'Iphone XS Max 220', NULL, '2025-03-26 13:27:53', 746387, NULL, NULL, 0, 0, 1, NULL, NULL, NULL, NULL, 3),
(663, 'Nokia Pro 220', NULL, '2025-03-26 13:27:53', 368667, NULL, NULL, 0, 0, 1, NULL, NULL, NULL, NULL, 1),
(664, 'Oppo XA 221', NULL, '2025-03-26 13:27:53', 947872, NULL, NULL, 0, 0, 1, NULL, NULL, NULL, NULL, 2),
(665, 'Iphone XS Max 221', NULL, '2025-03-26 13:27:53', 758167, NULL, NULL, 0, 0, 1, NULL, NULL, NULL, NULL, 3),
(666, 'Nokia Pro 221', NULL, '2025-03-26 13:27:53', 489202, NULL, NULL, 0, 0, 1, NULL, NULL, NULL, NULL, 1),
(667, 'Oppo XA 222', NULL, '2025-03-26 13:27:53', 807299, NULL, NULL, 0, 0, 1, NULL, NULL, NULL, NULL, 2),
(668, 'Iphone XS Max 222', NULL, '2025-03-26 13:27:53', 663930, NULL, NULL, 0, 0, 1, NULL, NULL, NULL, NULL, 3),
(669, 'Nokia Pro 222', NULL, '2025-03-26 13:27:53', 353210, NULL, NULL, 0, 0, 1, NULL, NULL, NULL, NULL, 1),
(670, 'Oppo XA 223', NULL, '2025-03-26 13:27:53', 708187, NULL, NULL, 0, 0, 1, NULL, NULL, NULL, NULL, 2),
(671, 'Iphone XS Max 223', NULL, '2025-03-26 13:27:53', 770898, NULL, NULL, 0, 0, 1, NULL, NULL, NULL, NULL, 3),
(672, 'Nokia Pro 223', NULL, '2025-03-26 13:27:53', 454922, NULL, NULL, 0, 0, 1, NULL, NULL, NULL, NULL, 1),
(673, 'Oppo XA 224', NULL, '2025-03-26 13:27:53', 759916, NULL, NULL, 0, 0, 1, NULL, NULL, NULL, NULL, 2),
(674, 'Iphone XS Max 224', NULL, '2025-03-26 13:27:53', 762739, NULL, NULL, 0, 0, 1, NULL, NULL, NULL, NULL, 3),
(675, 'Nokia Pro 224', NULL, '2025-03-26 13:27:53', 479080, NULL, NULL, 0, 0, 1, NULL, NULL, NULL, NULL, 1),
(676, 'Oppo XA 225', NULL, '2025-03-26 13:27:53', 846725, NULL, NULL, 0, 0, 1, NULL, NULL, NULL, NULL, 2),
(677, 'Iphone XS Max 225', NULL, '2025-03-26 13:27:53', 694086, NULL, NULL, 0, 0, 1, NULL, NULL, NULL, NULL, 3),
(678, 'Nokia Pro 225', NULL, '2025-03-26 13:27:53', 485971, NULL, NULL, 0, 0, 1, NULL, NULL, NULL, NULL, 1),
(679, 'Oppo XA 226', NULL, '2025-03-26 13:27:53', 767059, NULL, NULL, 0, 0, 1, NULL, NULL, NULL, NULL, 2),
(680, 'Iphone XS Max 226', NULL, '2025-03-26 13:27:53', 551163, NULL, NULL, 0, 0, 1, NULL, NULL, NULL, NULL, 3),
(681, 'Nokia Pro 226', NULL, '2025-03-26 13:27:53', 485158, NULL, NULL, 0, 0, 1, NULL, NULL, NULL, NULL, 1),
(682, 'Oppo XA 227', NULL, '2025-03-26 13:27:53', 792795, NULL, NULL, 0, 0, 1, NULL, NULL, NULL, NULL, 2),
(683, 'Iphone XS Max 227', NULL, '2025-03-26 13:27:53', 798081, NULL, NULL, 0, 0, 1, NULL, NULL, NULL, NULL, 3),
(684, 'Nokia Pro 227', NULL, '2025-03-26 13:27:53', 311768, NULL, NULL, 0, 0, 1, NULL, NULL, NULL, NULL, 1),
(685, 'Oppo XA 228', NULL, '2025-03-26 13:27:53', 913542, NULL, NULL, 0, 0, 1, NULL, NULL, NULL, NULL, 2),
(686, 'Iphone XS Max 228', NULL, '2025-03-26 13:27:53', 771071, NULL, NULL, 0, 0, 1, NULL, NULL, NULL, NULL, 3),
(687, 'Nokia Pro 228', NULL, '2025-03-26 13:27:53', 458584, NULL, NULL, 0, 0, 1, NULL, NULL, NULL, NULL, 1),
(688, 'Oppo XA 229', NULL, '2025-03-26 13:27:53', 800911, NULL, NULL, 0, 0, 1, NULL, NULL, NULL, NULL, 2),
(689, 'Iphone XS Max 229', NULL, '2025-03-26 13:27:53', 606507, NULL, NULL, 0, 0, 1, NULL, NULL, NULL, NULL, 3),
(690, 'Nokia Pro 229', NULL, '2025-03-26 13:27:53', 437801, NULL, NULL, 0, 0, 1, NULL, NULL, NULL, NULL, 1),
(691, 'Oppo XA 230', NULL, '2025-03-26 13:27:53', 988762, NULL, NULL, 0, 0, 1, NULL, NULL, NULL, NULL, 2),
(692, 'Iphone XS Max 230', NULL, '2025-03-26 13:27:53', 520611, NULL, NULL, 0, 0, 1, NULL, NULL, NULL, NULL, 3),
(693, 'Nokia Pro 230', NULL, '2025-03-26 13:27:53', 286895, NULL, NULL, 0, 0, 1, NULL, NULL, NULL, NULL, 1),
(694, 'Oppo XA 231', NULL, '2025-03-26 13:27:53', 942795, NULL, NULL, 0, 0, 1, NULL, NULL, NULL, NULL, 2),
(695, 'Iphone XS Max 231', NULL, '2025-03-26 13:27:53', 767644, NULL, NULL, 0, 0, 1, NULL, NULL, NULL, NULL, 3),
(696, 'Nokia Pro 231', NULL, '2025-03-26 13:27:53', 476773, NULL, NULL, 0, 0, 1, NULL, NULL, NULL, NULL, 1),
(697, 'Oppo XA 232', NULL, '2025-03-26 13:27:53', 714995, NULL, NULL, 0, 0, 1, NULL, NULL, NULL, NULL, 2),
(698, 'Iphone XS Max 232', NULL, '2025-03-26 13:27:53', 759407, NULL, NULL, 0, 0, 1, NULL, NULL, NULL, NULL, 3),
(699, 'Nokia Pro 232', NULL, '2025-03-26 13:27:53', 408839, NULL, NULL, 0, 0, 1, NULL, NULL, NULL, NULL, 1),
(700, 'Oppo XA 233', NULL, '2025-03-26 13:27:53', 779130, NULL, NULL, 0, 0, 1, NULL, NULL, NULL, NULL, 2),
(701, 'Iphone XS Max 233', NULL, '2025-03-26 13:27:53', 591809, NULL, NULL, 0, 0, 1, NULL, NULL, NULL, NULL, 3),
(702, 'Nokia Pro 233', NULL, '2025-03-26 13:27:53', 492173, NULL, NULL, 0, 0, 1, NULL, NULL, NULL, NULL, 1),
(703, 'Oppo XA 234', NULL, '2025-03-26 13:27:53', 823428, NULL, NULL, 0, 0, 1, NULL, NULL, NULL, NULL, 2),
(704, 'Iphone XS Max 234', NULL, '2025-03-26 13:27:53', 701957, NULL, NULL, 0, 0, 1, NULL, NULL, NULL, NULL, 3),
(705, 'Nokia Pro 234', NULL, '2025-03-26 13:27:53', 467829, NULL, NULL, 0, 0, 1, NULL, NULL, NULL, NULL, 1),
(706, 'Oppo XA 235', NULL, '2025-03-26 13:27:53', 757412, NULL, NULL, 0, 0, 1, NULL, NULL, NULL, NULL, 2),
(707, 'Iphone XS Max 235', NULL, '2025-03-26 13:27:53', 706258, NULL, NULL, 0, 0, 1, NULL, NULL, NULL, NULL, 3),
(708, 'Nokia Pro 235', NULL, '2025-03-26 13:27:53', 290524, NULL, NULL, 0, 0, 1, NULL, NULL, NULL, NULL, 1),
(709, 'Oppo XA 236', NULL, '2025-03-26 13:27:53', 894565, NULL, NULL, 0, 0, 1, NULL, NULL, NULL, NULL, 2),
(710, 'Iphone XS Max 236', NULL, '2025-03-26 13:27:53', 699713, NULL, NULL, 0, 0, 1, NULL, NULL, NULL, NULL, 3),
(711, 'Nokia Pro 236', NULL, '2025-03-26 13:27:53', 272814, NULL, NULL, 0, 0, 1, NULL, NULL, NULL, NULL, 1),
(712, 'Oppo XA 237', NULL, '2025-03-26 13:27:53', 730371, NULL, NULL, 0, 0, 1, NULL, NULL, NULL, NULL, 2),
(713, 'Iphone XS Max 237', NULL, '2025-03-26 13:27:53', 597825, NULL, NULL, 0, 0, 1, NULL, NULL, NULL, NULL, 3),
(714, 'Nokia Pro 237', NULL, '2025-03-26 13:27:53', 474848, NULL, NULL, 0, 0, 1, NULL, NULL, NULL, NULL, 1),
(715, 'Oppo XA 238', NULL, '2025-03-26 13:27:53', 976501, NULL, NULL, 0, 0, 1, NULL, NULL, NULL, NULL, 2),
(716, 'Iphone XS Max 238', NULL, '2025-03-26 13:27:53', 543751, NULL, NULL, 0, 0, 1, NULL, NULL, NULL, NULL, 3),
(717, 'Nokia Pro 238', NULL, '2025-03-26 13:27:53', 366327, NULL, NULL, 0, 0, 1, NULL, NULL, NULL, NULL, 1),
(718, 'Oppo XA 239', NULL, '2025-03-26 13:27:53', 973483, NULL, NULL, 0, 0, 1, NULL, NULL, NULL, NULL, 2),
(719, 'Iphone XS Max 239', NULL, '2025-03-26 13:27:53', 640851, NULL, NULL, 0, 0, 1, NULL, NULL, NULL, NULL, 3),
(720, 'Nokia Pro 239', NULL, '2025-03-26 13:27:53', 401434, NULL, NULL, 0, 0, 1, NULL, NULL, NULL, NULL, 1),
(721, 'Oppo XA 240', NULL, '2025-03-26 13:27:53', 891690, NULL, NULL, 0, 0, 1, NULL, NULL, NULL, NULL, 2),
(722, 'Iphone XS Max 240', NULL, '2025-03-26 13:27:53', 530802, NULL, NULL, 0, 0, 1, NULL, NULL, NULL, NULL, 3),
(723, 'Nokia Pro 240', NULL, '2025-03-26 13:27:53', 343524, NULL, NULL, 0, 0, 1, NULL, NULL, NULL, NULL, 1),
(724, 'Oppo XA 241', NULL, '2025-03-26 13:27:53', 913716, NULL, NULL, 0, 0, 1, NULL, NULL, NULL, NULL, 2),
(725, 'Iphone XS Max 241', NULL, '2025-03-26 13:27:53', 641111, NULL, NULL, 0, 0, 1, NULL, NULL, NULL, NULL, 3),
(726, 'Nokia Pro 241', NULL, '2025-03-26 13:27:53', 293055, NULL, NULL, 0, 0, 1, NULL, NULL, NULL, NULL, 1),
(727, 'Oppo XA 242', NULL, '2025-03-26 13:27:53', 904243, NULL, NULL, 0, 0, 1, NULL, NULL, NULL, NULL, 2),
(728, 'Iphone XS Max 242', NULL, '2025-03-26 13:27:53', 697950, NULL, NULL, 0, 0, 1, NULL, NULL, NULL, NULL, 3),
(729, 'Nokia Pro 242', NULL, '2025-03-26 13:27:53', 409606, NULL, NULL, 0, 0, 1, NULL, NULL, NULL, NULL, 1),
(730, 'Oppo XA 243', NULL, '2025-03-26 13:27:53', 727919, NULL, NULL, 0, 0, 1, NULL, NULL, NULL, NULL, 2),
(731, 'Iphone XS Max 243', NULL, '2025-03-26 13:27:53', 589298, NULL, NULL, 0, 0, 1, NULL, NULL, NULL, NULL, 3),
(732, 'Nokia Pro 243', NULL, '2025-03-26 13:27:53', 351435, NULL, NULL, 0, 0, 1, NULL, NULL, NULL, NULL, 1),
(733, 'Oppo XA 244', NULL, '2025-03-26 13:27:53', 869459, NULL, NULL, 0, 0, 1, NULL, NULL, NULL, NULL, 2),
(734, 'Iphone XS Max 244', NULL, '2025-03-26 13:27:53', 718430, NULL, NULL, 0, 0, 1, NULL, NULL, NULL, NULL, 3),
(735, 'Nokia Pro 244', NULL, '2025-03-26 13:27:53', 352695, NULL, NULL, 0, 0, 1, NULL, NULL, NULL, NULL, 1),
(736, 'Oppo XA 245', NULL, '2025-03-26 13:27:53', 754216, NULL, NULL, 0, 0, 1, NULL, NULL, NULL, NULL, 2),
(737, 'Iphone XS Max 245', NULL, '2025-03-26 13:27:53', 634874, NULL, NULL, 0, 0, 1, NULL, NULL, NULL, NULL, 3),
(738, 'Nokia Pro 245', NULL, '2025-03-26 13:27:53', 251246, NULL, NULL, 0, 0, 1, NULL, NULL, NULL, NULL, 1),
(739, 'Oppo XA 246', NULL, '2025-03-26 13:27:53', 901509, NULL, NULL, 0, 0, 1, NULL, NULL, NULL, NULL, 2),
(740, 'Iphone XS Max 246', NULL, '2025-03-26 13:27:53', 559342, NULL, NULL, 0, 0, 1, NULL, NULL, NULL, NULL, 3),
(741, 'Nokia Pro 246', NULL, '2025-03-26 13:27:53', 270567, NULL, NULL, 0, 0, 1, NULL, NULL, NULL, NULL, 1),
(742, 'Oppo XA 247', NULL, '2025-03-26 13:27:53', 818645, NULL, NULL, 0, 0, 1, NULL, NULL, NULL, NULL, 2),
(743, 'Iphone XS Max 247', NULL, '2025-03-26 13:27:53', 523073, NULL, NULL, 0, 0, 1, NULL, NULL, NULL, NULL, 3),
(744, 'Nokia Pro 247', NULL, '2025-03-26 13:27:53', 256757, NULL, NULL, 0, 0, 1, NULL, NULL, NULL, NULL, 1),
(745, 'Oppo XA 248', NULL, '2025-03-26 13:27:53', 818955, NULL, NULL, 0, 0, 1, NULL, NULL, NULL, NULL, 2),
(746, 'Iphone XS Max 248', NULL, '2025-03-26 13:27:53', 688810, NULL, NULL, 0, 0, 1, NULL, NULL, NULL, NULL, 3),
(747, 'Nokia Pro 248', NULL, '2025-03-26 13:27:53', 423891, NULL, NULL, 0, 0, 1, NULL, NULL, NULL, NULL, 1),
(748, 'Oppo XA 249', NULL, '2025-03-26 13:27:53', 735980, NULL, NULL, 0, 0, 1, NULL, NULL, NULL, NULL, 2),
(749, 'Iphone XS Max 249', NULL, '2025-03-26 13:27:53', 765580, NULL, NULL, 0, 0, 1, NULL, NULL, NULL, NULL, 3),
(750, 'Nokia Pro 249', NULL, '2025-03-26 13:27:53', 432783, NULL, NULL, 0, 0, 1, NULL, NULL, NULL, NULL, 1),
(751, 'Oppo XA 250', NULL, '2025-03-26 13:27:53', 869111, NULL, NULL, 0, 0, 1, NULL, NULL, NULL, NULL, 2),
(752, 'Iphone XS Max 250', NULL, '2025-03-26 13:27:53', 577019, NULL, NULL, 0, 0, 1, NULL, NULL, NULL, NULL, 3),
(753, 'Nokia Pro 250', NULL, '2025-03-26 13:27:53', 263054, NULL, NULL, 0, 0, 1, NULL, NULL, NULL, NULL, 1),
(754, 'Oppo XA 251', NULL, '2025-03-26 13:27:53', 732254, NULL, NULL, 0, 0, 1, NULL, NULL, NULL, NULL, 2),
(755, 'Iphone XS Max 251', NULL, '2025-03-26 13:27:53', 596882, NULL, NULL, 0, 0, 1, NULL, NULL, NULL, NULL, 3),
(756, 'Nokia Pro 251', NULL, '2025-03-26 13:27:53', 418308, NULL, NULL, 0, 0, 1, NULL, NULL, NULL, NULL, 1),
(757, 'Oppo XA 252', NULL, '2025-03-26 13:27:53', 845152, NULL, NULL, 0, 0, 1, NULL, NULL, NULL, NULL, 2),
(758, 'Iphone XS Max 252', NULL, '2025-03-26 13:27:53', 512530, NULL, NULL, 0, 0, 1, NULL, NULL, NULL, NULL, 3),
(759, 'Nokia Pro 252', NULL, '2025-03-26 13:27:53', 425416, NULL, NULL, 0, 0, 1, NULL, NULL, NULL, NULL, 1),
(760, 'Oppo XA 253', NULL, '2025-03-26 13:27:53', 959340, NULL, NULL, 0, 0, 1, NULL, NULL, NULL, NULL, 2),
(761, 'Iphone XS Max 253', NULL, '2025-03-26 13:27:53', 540225, NULL, NULL, 0, 0, 1, NULL, NULL, NULL, NULL, 3),
(762, 'Nokia Pro 253', NULL, '2025-03-26 13:27:53', 437946, NULL, NULL, 0, 0, 1, NULL, NULL, NULL, NULL, 1),
(763, 'Oppo XA 254', NULL, '2025-03-26 13:27:53', 821150, NULL, NULL, 0, 0, 1, NULL, NULL, NULL, NULL, 2),
(764, 'Iphone XS Max 254', NULL, '2025-03-26 13:27:53', 575326, NULL, NULL, 0, 0, 1, NULL, NULL, NULL, NULL, 3),
(765, 'Nokia Pro 254', NULL, '2025-03-26 13:27:53', 366851, NULL, NULL, 0, 0, 1, NULL, NULL, NULL, NULL, 1),
(766, 'Oppo XA 255', NULL, '2025-03-26 13:27:53', 789441, NULL, NULL, 0, 0, 1, NULL, NULL, NULL, NULL, 2),
(767, 'Iphone XS Max 255', NULL, '2025-03-26 13:27:53', 637438, NULL, NULL, 0, 0, 1, NULL, NULL, NULL, NULL, 3),
(768, 'Nokia Pro 255', NULL, '2025-03-26 13:27:53', 353898, NULL, NULL, 0, 0, 1, NULL, NULL, NULL, NULL, 1),
(769, 'Oppo XA 256', NULL, '2025-03-26 13:27:53', 709862, NULL, NULL, 0, 0, 1, NULL, NULL, NULL, NULL, 2),
(770, 'Iphone XS Max 256', NULL, '2025-03-26 13:27:53', 542241, NULL, NULL, 0, 0, 1, NULL, NULL, NULL, NULL, 3),
(771, 'Nokia Pro 256', NULL, '2025-03-26 13:27:53', 352591, NULL, NULL, 0, 0, 1, NULL, NULL, NULL, NULL, 1),
(772, 'Oppo XA 257', NULL, '2025-03-26 13:27:53', 885505, NULL, NULL, 0, 0, 1, NULL, NULL, NULL, NULL, 2),
(773, 'Iphone XS Max 257', NULL, '2025-03-26 13:27:53', 525572, NULL, NULL, 0, 0, 1, NULL, NULL, NULL, NULL, 3),
(774, 'Nokia Pro 257', NULL, '2025-03-26 13:27:53', 263698, NULL, NULL, 0, 0, 1, NULL, NULL, NULL, NULL, 1),
(775, 'Oppo XA 258', NULL, '2025-03-26 13:27:53', 883784, NULL, NULL, 0, 0, 1, NULL, NULL, NULL, NULL, 2),
(776, 'Iphone XS Max 258', NULL, '2025-03-26 13:27:53', 704082, NULL, NULL, 0, 0, 1, NULL, NULL, NULL, NULL, 3),
(777, 'Nokia Pro 258', NULL, '2025-03-26 13:27:53', 257685, NULL, NULL, 0, 0, 1, NULL, NULL, NULL, NULL, 1),
(778, 'Oppo XA 259', NULL, '2025-03-26 13:27:53', 975627, NULL, NULL, 0, 0, 1, NULL, NULL, NULL, NULL, 2),
(779, 'Iphone XS Max 259', NULL, '2025-03-26 13:27:53', 771246, NULL, NULL, 0, 0, 1, NULL, NULL, NULL, NULL, 3),
(780, 'Nokia Pro 259', NULL, '2025-03-26 13:27:53', 470419, NULL, NULL, 0, 0, 1, NULL, NULL, NULL, NULL, 1),
(781, 'Oppo XA 260', NULL, '2025-03-26 13:27:53', 820696, NULL, NULL, 0, 0, 1, NULL, NULL, NULL, NULL, 2),
(782, 'Iphone XS Max 260', NULL, '2025-03-26 13:27:53', 766831, NULL, NULL, 0, 0, 1, NULL, NULL, NULL, NULL, 3),
(783, 'Nokia Pro 260', NULL, '2025-03-26 13:27:53', 462489, NULL, NULL, 0, 0, 1, NULL, NULL, NULL, NULL, 1),
(784, 'Oppo XA 261', NULL, '2025-03-26 13:27:53', 894537, NULL, NULL, 0, 0, 1, NULL, NULL, NULL, NULL, 2),
(785, 'Iphone XS Max 261', NULL, '2025-03-26 13:27:53', 602314, NULL, NULL, 0, 0, 1, NULL, NULL, NULL, NULL, 3),
(786, 'Nokia Pro 261', NULL, '2025-03-26 13:27:53', 422342, NULL, NULL, 0, 0, 1, NULL, NULL, NULL, NULL, 1),
(787, 'Oppo XA 262', NULL, '2025-03-26 13:27:53', 800845, NULL, NULL, 0, 0, 1, NULL, NULL, NULL, NULL, 2),
(788, 'Iphone XS Max 262', NULL, '2025-03-26 13:27:53', 669275, NULL, NULL, 0, 0, 1, NULL, NULL, NULL, NULL, 3),
(789, 'Nokia Pro 262', NULL, '2025-03-26 13:27:53', 393501, NULL, NULL, 0, 0, 1, NULL, NULL, NULL, NULL, 1),
(790, 'Oppo XA 263', NULL, '2025-03-26 13:27:53', 850296, NULL, NULL, 0, 0, 1, NULL, NULL, NULL, NULL, 2),
(791, 'Iphone XS Max 263', NULL, '2025-03-26 13:27:53', 712453, NULL, NULL, 0, 0, 1, NULL, NULL, NULL, NULL, 3),
(792, 'Nokia Pro 263', NULL, '2025-03-26 13:27:53', 313107, NULL, NULL, 0, 0, 1, NULL, NULL, NULL, NULL, 1),
(793, 'Oppo XA 264', NULL, '2025-03-26 13:27:53', 936029, NULL, NULL, 0, 0, 1, NULL, NULL, NULL, NULL, 2),
(794, 'Iphone XS Max 264', NULL, '2025-03-26 13:27:53', 742161, NULL, NULL, 0, 0, 1, NULL, NULL, NULL, NULL, 3),
(795, 'Nokia Pro 264', NULL, '2025-03-26 13:27:53', 423151, NULL, NULL, 0, 0, 1, NULL, NULL, NULL, NULL, 1),
(796, 'Oppo XA 265', NULL, '2025-03-26 13:27:53', 746955, NULL, NULL, 0, 0, 1, NULL, NULL, NULL, NULL, 2),
(797, 'Iphone XS Max 265', NULL, '2025-03-26 13:27:53', 763478, NULL, NULL, 0, 0, 1, NULL, NULL, NULL, NULL, 3),
(798, 'Nokia Pro 265', NULL, '2025-03-26 13:27:53', 300535, NULL, NULL, 0, 0, 1, NULL, NULL, NULL, NULL, 1),
(799, 'Oppo XA 266', NULL, '2025-03-26 13:27:53', 789489, NULL, NULL, 0, 0, 1, NULL, NULL, NULL, NULL, 2),
(800, 'Iphone XS Max 266', NULL, '2025-03-26 13:27:53', 707570, NULL, NULL, 0, 0, 1, NULL, NULL, NULL, NULL, 3),
(801, 'Nokia Pro 266', NULL, '2025-03-26 13:27:53', 430555, NULL, NULL, 0, 0, 1, NULL, NULL, NULL, NULL, 1),
(802, 'Oppo XA 267', NULL, '2025-03-26 13:27:53', 726033, NULL, NULL, 0, 0, 1, NULL, NULL, NULL, NULL, 2),
(803, 'Iphone XS Max 267', NULL, '2025-03-26 13:27:53', 644091, NULL, NULL, 0, 0, 1, NULL, NULL, NULL, NULL, 3),
(804, 'Nokia Pro 267', NULL, '2025-03-26 13:27:53', 474130, NULL, NULL, 0, 0, 1, NULL, NULL, NULL, NULL, 1),
(805, 'Oppo XA 268', NULL, '2025-03-26 13:27:53', 829097, NULL, NULL, 0, 0, 1, NULL, NULL, NULL, NULL, 2),
(806, 'Iphone XS Max 268', NULL, '2025-03-26 13:27:53', 684189, NULL, NULL, 0, 0, 1, NULL, NULL, NULL, NULL, 3),
(807, 'Nokia Pro 268', NULL, '2025-03-26 13:27:53', 361297, NULL, NULL, 0, 0, 1, NULL, NULL, NULL, NULL, 1),
(808, 'Oppo XA 269', NULL, '2025-03-26 13:27:53', 919201, NULL, NULL, 0, 0, 1, NULL, NULL, NULL, NULL, 2),
(809, 'Iphone XS Max 269', NULL, '2025-03-26 13:27:53', 772338, NULL, NULL, 0, 0, 1, NULL, NULL, NULL, NULL, 3),
(810, 'Nokia Pro 269', NULL, '2025-03-26 13:27:53', 258502, NULL, NULL, 0, 0, 1, NULL, NULL, NULL, NULL, 1),
(811, 'Oppo XA 270', NULL, '2025-03-26 13:27:53', 782911, NULL, NULL, 0, 0, 1, NULL, NULL, NULL, NULL, 2),
(812, 'Iphone XS Max 270', NULL, '2025-03-26 13:27:53', 587198, NULL, NULL, 0, 0, 1, NULL, NULL, NULL, NULL, 3),
(813, 'Nokia Pro 270', NULL, '2025-03-26 13:27:53', 309036, NULL, NULL, 0, 0, 1, NULL, NULL, NULL, NULL, 1),
(814, 'Oppo XA 271', NULL, '2025-03-26 13:27:53', 784067, NULL, NULL, 0, 0, 1, NULL, NULL, NULL, NULL, 2),
(815, 'Iphone XS Max 271', NULL, '2025-03-26 13:27:53', 672881, NULL, NULL, 0, 0, 1, NULL, NULL, NULL, NULL, 3),
(816, 'Nokia Pro 271', NULL, '2025-03-26 13:27:53', 465168, NULL, NULL, 0, 0, 1, NULL, NULL, NULL, NULL, 1),
(817, 'Oppo XA 272', NULL, '2025-03-26 13:27:53', 973067, NULL, NULL, 0, 0, 1, NULL, NULL, NULL, NULL, 2),
(818, 'Iphone XS Max 272', NULL, '2025-03-26 13:27:53', 505426, NULL, NULL, 0, 0, 1, NULL, NULL, NULL, NULL, 3),
(819, 'Nokia Pro 272', NULL, '2025-03-26 13:27:53', 499399, NULL, NULL, 0, 0, 1, NULL, NULL, NULL, NULL, 1),
(820, 'Oppo XA 273', NULL, '2025-03-26 13:27:53', 972573, NULL, NULL, 0, 0, 1, NULL, NULL, NULL, NULL, 2),
(821, 'Iphone XS Max 273', NULL, '2025-03-26 13:27:53', 626014, NULL, NULL, 0, 0, 1, NULL, NULL, NULL, NULL, 3),
(822, 'Nokia Pro 273', NULL, '2025-03-26 13:27:53', 342773, NULL, NULL, 0, 0, 1, NULL, NULL, NULL, NULL, 1),
(823, 'Oppo XA 274', NULL, '2025-03-26 13:27:53', 879780, NULL, NULL, 0, 0, 1, NULL, NULL, NULL, NULL, 2),
(824, 'Iphone XS Max 274', NULL, '2025-03-26 13:27:53', 727176, NULL, NULL, 0, 0, 1, NULL, NULL, NULL, NULL, 3),
(825, 'Nokia Pro 274', NULL, '2025-03-26 13:27:53', 271544, NULL, NULL, 0, 0, 1, NULL, NULL, NULL, NULL, 1),
(826, 'Oppo XA 275', NULL, '2025-03-26 13:27:53', 844520, NULL, NULL, 0, 0, 1, NULL, NULL, NULL, NULL, 2),
(827, 'Iphone XS Max 275', NULL, '2025-03-26 13:27:53', 633139, NULL, NULL, 0, 0, 1, NULL, NULL, NULL, NULL, 3),
(828, 'Nokia Pro 275', NULL, '2025-03-26 13:27:53', 428082, NULL, NULL, 0, 0, 1, NULL, NULL, NULL, NULL, 1),
(829, 'Oppo XA 276', NULL, '2025-03-26 13:27:53', 897997, NULL, NULL, 0, 0, 1, NULL, NULL, NULL, NULL, 2),
(830, 'Iphone XS Max 276', NULL, '2025-03-26 13:27:53', 779975, NULL, NULL, 0, 0, 1, NULL, NULL, NULL, NULL, 3),
(831, 'Nokia Pro 276', NULL, '2025-03-26 13:27:53', 366436, NULL, NULL, 0, 0, 1, NULL, NULL, NULL, NULL, 1),
(832, 'Oppo XA 277', NULL, '2025-03-26 13:27:53', 907183, NULL, NULL, 0, 0, 1, NULL, NULL, NULL, NULL, 2),
(833, 'Iphone XS Max 277', NULL, '2025-03-26 13:27:53', 594177, NULL, NULL, 0, 0, 1, NULL, NULL, NULL, NULL, 3),
(834, 'Nokia Pro 277', NULL, '2025-03-26 13:27:53', 316723, NULL, NULL, 0, 0, 1, NULL, NULL, NULL, NULL, 1),
(835, 'Oppo XA 278', NULL, '2025-03-26 13:27:53', 959378, NULL, NULL, 0, 0, 1, NULL, NULL, NULL, NULL, 2),
(836, 'Iphone XS Max 278', NULL, '2025-03-26 13:27:53', 522150, NULL, NULL, 0, 0, 1, NULL, NULL, NULL, NULL, 3),
(837, 'Nokia Pro 278', NULL, '2025-03-26 13:27:53', 256105, NULL, NULL, 0, 0, 1, NULL, NULL, NULL, NULL, 1),
(838, 'Oppo XA 279', NULL, '2025-03-26 13:27:53', 900711, NULL, NULL, 0, 0, 1, NULL, NULL, NULL, NULL, 2),
(839, 'Iphone XS Max 279', NULL, '2025-03-26 13:27:53', 708412, NULL, NULL, 0, 0, 1, NULL, NULL, NULL, NULL, 3),
(840, 'Nokia Pro 279', NULL, '2025-03-26 13:27:53', 448549, NULL, NULL, 0, 0, 1, NULL, NULL, NULL, NULL, 1),
(841, 'Oppo XA 280', NULL, '2025-03-26 13:27:53', 849726, NULL, NULL, 0, 0, 1, NULL, NULL, NULL, NULL, 2),
(842, 'Iphone XS Max 280', NULL, '2025-03-26 13:27:53', 793331, NULL, NULL, 0, 0, 1, NULL, NULL, NULL, NULL, 3),
(843, 'Nokia Pro 280', NULL, '2025-03-26 13:27:53', 464489, NULL, NULL, 0, 0, 1, NULL, NULL, NULL, NULL, 1),
(844, 'Oppo XA 281', NULL, '2025-03-26 13:27:53', 762683, NULL, NULL, 0, 0, 1, NULL, NULL, NULL, NULL, 2),
(845, 'Iphone XS Max 281', NULL, '2025-03-26 13:27:53', 519840, NULL, NULL, 0, 0, 1, NULL, NULL, NULL, NULL, 3),
(846, 'Nokia Pro 281', NULL, '2025-03-26 13:27:53', 421048, NULL, NULL, 0, 0, 1, NULL, NULL, NULL, NULL, 1),
(847, 'Oppo XA 282', NULL, '2025-03-26 13:27:53', 809806, NULL, NULL, 0, 0, 1, NULL, NULL, NULL, NULL, 2),
(848, 'Iphone XS Max 282', NULL, '2025-03-26 13:27:53', 794497, NULL, NULL, 0, 0, 1, NULL, NULL, NULL, NULL, 3),
(849, 'Nokia Pro 282', NULL, '2025-03-26 13:27:53', 261447, NULL, NULL, 0, 0, 1, NULL, NULL, NULL, NULL, 1),
(850, 'Oppo XA 283', NULL, '2025-03-26 13:27:53', 875540, NULL, NULL, 0, 0, 1, NULL, NULL, NULL, NULL, 2),
(851, 'Iphone XS Max 283', NULL, '2025-03-26 13:27:53', 569243, NULL, NULL, 0, 0, 1, NULL, NULL, NULL, NULL, 3),
(852, 'Nokia Pro 283', NULL, '2025-03-26 13:27:53', 460036, NULL, NULL, 0, 0, 1, NULL, NULL, NULL, NULL, 1),
(853, 'Oppo XA 284', NULL, '2025-03-26 13:27:53', 847047, NULL, NULL, 0, 0, 1, NULL, NULL, NULL, NULL, 2),
(854, 'Iphone XS Max 284', NULL, '2025-03-26 13:27:53', 573817, NULL, NULL, 0, 0, 1, NULL, NULL, NULL, NULL, 3),
(855, 'Nokia Pro 284', NULL, '2025-03-26 13:27:53', 360159, NULL, NULL, 0, 0, 1, NULL, NULL, NULL, NULL, 1),
(856, 'Oppo XA 285', NULL, '2025-03-26 13:27:53', 751443, NULL, NULL, 0, 0, 1, NULL, NULL, NULL, NULL, 2),
(857, 'Iphone XS Max 285', NULL, '2025-03-26 13:27:53', 536219, NULL, NULL, 0, 0, 1, NULL, NULL, NULL, NULL, 3),
(858, 'Nokia Pro 285', NULL, '2025-03-26 13:27:53', 489752, NULL, NULL, 0, 0, 1, NULL, NULL, NULL, NULL, 1),
(859, 'Oppo XA 286', NULL, '2025-03-26 13:27:53', 822519, NULL, NULL, 0, 0, 1, NULL, NULL, NULL, NULL, 2),
(860, 'Iphone XS Max 286', NULL, '2025-03-26 13:27:53', 666770, NULL, NULL, 0, 0, 1, NULL, NULL, NULL, NULL, 3),
(861, 'Nokia Pro 286', NULL, '2025-03-26 13:27:53', 369603, NULL, NULL, 0, 0, 1, NULL, NULL, NULL, NULL, 1),
(862, 'Oppo XA 287', NULL, '2025-03-26 13:27:53', 817858, NULL, NULL, 0, 0, 1, NULL, NULL, NULL, NULL, 2),
(863, 'Iphone XS Max 287', NULL, '2025-03-26 13:27:53', 560825, NULL, NULL, 0, 0, 1, NULL, NULL, NULL, NULL, 3),
(864, 'Nokia Pro 287', NULL, '2025-03-26 13:27:53', 413783, NULL, NULL, 0, 0, 1, NULL, NULL, NULL, NULL, 1),
(865, 'Oppo XA 288', NULL, '2025-03-26 13:27:53', 839660, NULL, NULL, 0, 0, 1, NULL, NULL, NULL, NULL, 2),
(866, 'Iphone XS Max 288', NULL, '2025-03-26 13:27:53', 521972, NULL, NULL, 0, 0, 1, NULL, NULL, NULL, NULL, 3),
(867, 'Nokia Pro 288', NULL, '2025-03-26 13:27:53', 461597, NULL, NULL, 0, 0, 1, NULL, NULL, NULL, NULL, 1),
(868, 'Oppo XA 289', NULL, '2025-03-26 13:27:53', 816904, NULL, NULL, 0, 0, 1, NULL, NULL, NULL, NULL, 2),
(869, 'Iphone XS Max 289', NULL, '2025-03-26 13:27:53', 514130, NULL, NULL, 0, 0, 1, NULL, NULL, NULL, NULL, 3),
(870, 'Nokia Pro 289', NULL, '2025-03-26 13:27:53', 452573, NULL, NULL, 0, 0, 1, NULL, NULL, NULL, NULL, 1),
(871, 'Oppo XA 290', NULL, '2025-03-26 13:27:53', 776490, NULL, NULL, 0, 0, 1, NULL, NULL, NULL, NULL, 2),
(872, 'Iphone XS Max 290', NULL, '2025-03-26 13:27:53', 776873, NULL, NULL, 0, 0, 1, NULL, NULL, NULL, NULL, 3),
(873, 'Nokia Pro 290', NULL, '2025-03-26 13:27:53', 418944, NULL, NULL, 0, 0, 1, NULL, NULL, NULL, NULL, 1),
(874, 'Oppo XA 291', NULL, '2025-03-26 13:27:53', 967341, NULL, NULL, 0, 0, 1, NULL, NULL, NULL, NULL, 2),
(875, 'Iphone XS Max 291', NULL, '2025-03-26 13:27:53', 782500, NULL, NULL, 0, 0, 1, NULL, NULL, NULL, NULL, 3),
(876, 'Nokia Pro 291', NULL, '2025-03-26 13:27:53', 461823, NULL, NULL, 0, 0, 1, NULL, NULL, NULL, NULL, 1),
(877, 'Oppo XA 292', NULL, '2025-03-26 13:27:53', 779081, NULL, NULL, 0, 0, 1, NULL, NULL, NULL, NULL, 2),
(878, 'Iphone XS Max 292', NULL, '2025-03-26 13:27:53', 538305, NULL, NULL, 0, 0, 1, NULL, NULL, NULL, NULL, 3),
(879, 'Nokia Pro 292', NULL, '2025-03-26 13:27:53', 255630, NULL, NULL, 0, 0, 1, NULL, NULL, NULL, NULL, 1),
(880, 'Oppo XA 293', NULL, '2025-03-26 13:27:53', 957720, NULL, NULL, 0, 0, 1, NULL, NULL, NULL, NULL, 2),
(881, 'Iphone XS Max 293', NULL, '2025-03-26 13:27:53', 556767, NULL, NULL, 0, 0, 1, NULL, NULL, NULL, NULL, 3),
(882, 'Nokia Pro 293', NULL, '2025-03-26 13:27:53', 484831, NULL, NULL, 0, 0, 1, NULL, NULL, NULL, NULL, 1),
(883, 'Oppo XA 294', NULL, '2025-03-26 13:27:53', 731012, NULL, NULL, 0, 0, 1, NULL, NULL, NULL, NULL, 2),
(884, 'Iphone XS Max 294', NULL, '2025-03-26 13:27:53', 695638, NULL, NULL, 0, 0, 1, NULL, NULL, NULL, NULL, 3),
(885, 'Nokia Pro 294', NULL, '2025-03-26 13:27:53', 261476, NULL, NULL, 0, 0, 1, NULL, NULL, NULL, NULL, 1),
(886, 'Oppo XA 295', NULL, '2025-03-26 13:27:53', 840176, NULL, NULL, 0, 0, 1, NULL, NULL, NULL, NULL, 2),
(887, 'Iphone XS Max 295', NULL, '2025-03-26 13:27:53', 736457, NULL, NULL, 0, 0, 1, NULL, NULL, NULL, NULL, 3),
(888, 'Nokia Pro 295', NULL, '2025-03-26 13:27:53', 299138, NULL, NULL, 0, 0, 1, NULL, NULL, NULL, NULL, 1),
(889, 'Oppo XA 296', NULL, '2025-03-26 13:27:53', 996496, NULL, NULL, 0, 0, 1, NULL, NULL, NULL, NULL, 2),
(890, 'Iphone XS Max 296', NULL, '2025-03-26 13:27:53', 718438, NULL, NULL, 0, 0, 1, NULL, NULL, NULL, NULL, 3),
(891, 'Nokia Pro 296', NULL, '2025-03-26 13:27:53', 494525, NULL, NULL, 0, 0, 1, NULL, NULL, NULL, NULL, 1),
(892, 'Oppo XA 297', NULL, '2025-03-26 13:27:53', 793488, NULL, NULL, 0, 0, 1, NULL, NULL, NULL, NULL, 2),
(893, 'Iphone XS Max 297', NULL, '2025-03-26 13:27:53', 637030, NULL, NULL, 0, 0, 1, NULL, NULL, NULL, NULL, 3),
(894, 'Nokia Pro 297', NULL, '2025-03-26 13:27:53', 345946, NULL, NULL, 0, 0, 1, NULL, NULL, NULL, NULL, 1),
(895, 'Oppo XA 298', NULL, '2025-03-26 13:27:53', 865484, NULL, NULL, 0, 0, 1, NULL, NULL, NULL, NULL, 2),
(896, 'Iphone XS Max 298', NULL, '2025-03-26 13:27:53', 713672, NULL, NULL, 0, 0, 1, NULL, NULL, NULL, NULL, 3),
(897, 'Nokia Pro 298', NULL, '2025-03-26 13:27:53', 408741, NULL, NULL, 0, 0, 1, NULL, NULL, NULL, NULL, 1),
(898, 'Oppo XA 299', NULL, '2025-03-26 13:27:53', 759100, NULL, NULL, 0, 0, 1, NULL, NULL, NULL, NULL, 2),
(899, 'Iphone XS Max 299', NULL, '2025-03-26 13:27:53', 507482, NULL, NULL, 0, 0, 1, NULL, NULL, NULL, NULL, 3),
(900, 'Nokia Pro 299', NULL, '2025-03-26 13:27:53', 374399, NULL, NULL, 0, 0, 1, NULL, NULL, NULL, NULL, 1);

-- --------------------------------------------------------

--
-- Cấu trúc bảng cho bảng `failed_jobs`
--

CREATE TABLE `failed_jobs` (
  `id` bigint(20) UNSIGNED NOT NULL,
  `uuid` varchar(255) NOT NULL,
  `connection` text NOT NULL,
  `queue` text NOT NULL,
  `payload` longtext NOT NULL,
  `exception` longtext NOT NULL,
  `failed_at` timestamp NOT NULL DEFAULT current_timestamp()
) ENGINE=InnoDB DEFAULT CHARSET=utf8mb4 COLLATE=utf8mb4_unicode_ci;

-- --------------------------------------------------------

--
-- Cấu trúc bảng cho bảng `jobs`
--

CREATE TABLE `jobs` (
  `id` bigint(20) UNSIGNED NOT NULL,
  `queue` varchar(255) NOT NULL,
  `payload` longtext NOT NULL,
  `attempts` tinyint(3) UNSIGNED NOT NULL,
  `reserved_at` int(10) UNSIGNED DEFAULT NULL,
  `available_at` int(10) UNSIGNED NOT NULL,
  `created_at` int(10) UNSIGNED NOT NULL
) ENGINE=InnoDB DEFAULT CHARSET=utf8mb4 COLLATE=utf8mb4_unicode_ci;

-- --------------------------------------------------------

--
-- Cấu trúc bảng cho bảng `job_batches`
--

CREATE TABLE `job_batches` (
  `id` varchar(255) NOT NULL,
  `name` varchar(255) NOT NULL,
  `total_jobs` int(11) NOT NULL,
  `pending_jobs` int(11) NOT NULL,
  `failed_jobs` int(11) NOT NULL,
  `failed_job_ids` longtext NOT NULL,
  `options` mediumtext DEFAULT NULL,
  `cancelled_at` int(11) DEFAULT NULL,
  `created_at` int(11) NOT NULL,
  `finished_at` int(11) DEFAULT NULL
) ENGINE=InnoDB DEFAULT CHARSET=utf8mb4 COLLATE=utf8mb4_unicode_ci;

-- --------------------------------------------------------

--
-- Cấu trúc bảng cho bảng `loaisp`
--

CREATE TABLE `loaisp` (
  `id` bigint(20) UNSIGNED NOT NULL,
  `ten_loai` varchar(30) NOT NULL,
  `thu_tu` int(10) UNSIGNED NOT NULL DEFAULT 0,
  `an_hien` tinyint(1) NOT NULL DEFAULT 1,
  `url_hinh` varchar(200) DEFAULT NULL,
  `created_at` timestamp NULL DEFAULT NULL,
  `updated_at` timestamp NULL DEFAULT NULL
) ENGINE=InnoDB DEFAULT CHARSET=utf8mb4 COLLATE=utf8mb4_unicode_ci;

--
-- Đang đổ dữ liệu cho bảng `loaisp`
--

INSERT INTO `loaisp` (`id`, `ten_loai`, `thu_tu`, `an_hien`, `url_hinh`, `created_at`, `updated_at`) VALUES
(1, 'Sam sung', 1, 1, NULL, NULL, NULL),
(2, 'HTC', 2, 1, NULL, NULL, NULL),
(3, 'Apple', 3, 1, NULL, NULL, NULL),
(4, 'LG', 4, 1, NULL, NULL, NULL),
(5, 'Motorola', 5, 1, NULL, NULL, NULL),
(6, 'Mobel', 6, 0, NULL, NULL, NULL);

-- --------------------------------------------------------

--
-- Cấu trúc bảng cho bảng `migrations`
--

CREATE TABLE `migrations` (
  `id` int(10) UNSIGNED NOT NULL,
  `migration` varchar(255) NOT NULL,
  `batch` int(11) NOT NULL
) ENGINE=InnoDB DEFAULT CHARSET=utf8mb4 COLLATE=utf8mb4_unicode_ci;

--
-- Đang đổ dữ liệu cho bảng `migrations`
--

INSERT INTO `migrations` (`id`, `migration`, `batch`) VALUES
(1, '0001_01_01_000000_create_users_table', 1),
(2, '0001_01_01_000001_create_cache_table', 1),
(3, '0001_01_01_000002_create_jobs_table', 1),
(4, '2025_03_26_042133_tao_table_dien_thoai', 2),
(5, '2025_03_26_060316_create_thanhvien_table', 3),
(6, '2025_03_26_060537_taotable_loaisp', 4),
(7, '2025_03_26_061157_sua_table_dien_thoai', 5);

-- --------------------------------------------------------

--
-- Cấu trúc bảng cho bảng `password_reset_tokens`
--

CREATE TABLE `password_reset_tokens` (
  `email` varchar(255) NOT NULL,
  `token` varchar(255) NOT NULL,
  `created_at` timestamp NULL DEFAULT NULL
) ENGINE=InnoDB DEFAULT CHARSET=utf8mb4 COLLATE=utf8mb4_unicode_ci;

-- --------------------------------------------------------

--
-- Cấu trúc bảng cho bảng `sessions`
--

CREATE TABLE `sessions` (
  `id` varchar(255) NOT NULL,
  `user_id` bigint(20) UNSIGNED DEFAULT NULL,
  `ip_address` varchar(45) DEFAULT NULL,
  `user_agent` text DEFAULT NULL,
  `payload` longtext NOT NULL,
  `last_activity` int(11) NOT NULL
) ENGINE=InnoDB DEFAULT CHARSET=utf8mb4 COLLATE=utf8mb4_unicode_ci;

--
-- Đang đổ dữ liệu cho bảng `sessions`
--

INSERT INTO `sessions` (`id`, `user_id`, `ip_address`, `user_agent`, `payload`, `last_activity`) VALUES
('PgB3x8JWIggShynCBljzFSioHbotOYqabespUXIw', NULL, '127.0.0.1', 'Mozilla/5.0 (Windows NT 10.0; Win64; x64) AppleWebKit/537.36 (KHTML, like Gecko) Chrome/134.0.0.0 Safari/537.36 Edg/134.0.0.0', 'YTozOntzOjY6Il90b2tlbiI7czo0MDoiZUlZT0d3WHkwalNwWDY5R3BFMkpMeUdwSHFjV2VBQlQxWUtISEo4WiI7czo5OiJfcHJldmlvdXMiO2E6MTp7czozOiJ1cmwiO3M6MjE6Imh0dHA6Ly8xMjcuMC4wLjE6ODAwMCI7fXM6NjoiX2ZsYXNoIjthOjI6e3M6Mzoib2xkIjthOjA6e31zOjM6Im5ldyI7YTowOnt9fX0=', 1742962814);

-- --------------------------------------------------------

--
-- Cấu trúc bảng cho bảng `thanhvien`
--

CREATE TABLE `thanhvien` (
  `id` bigint(20) UNSIGNED NOT NULL,
  `hoTen` varchar(100) NOT NULL,
  `password` varchar(100) NOT NULL,
  `email` varchar(200) NOT NULL,
  `randomKey` varchar(100) DEFAULT NULL,
  `active` tinyint(1) NOT NULL DEFAULT 0,
  `idGroup` bigint(20) UNSIGNED NOT NULL DEFAULT 0,
  `created_at` timestamp NULL DEFAULT NULL,
  `updated_at` timestamp NULL DEFAULT NULL
) ENGINE=InnoDB DEFAULT CHARSET=utf8mb4 COLLATE=utf8mb4_unicode_ci;

--
-- Đang đổ dữ liệu cho bảng `thanhvien`
--

INSERT INTO `thanhvien` (`id`, `hoTen`, `password`, `email`, `randomKey`, `active`, `idGroup`, `created_at`, `updated_at`) VALUES
(1, 'Lê Văn Hậu', '$2y$12$LYqOQsRvOdR01KOQeEPcwuN0FBynxa3/670EFzHXs1DH8vdOUVCjW', 'WguZ2@gmail.com', NULL, 0, 0, NULL, NULL),
(2, 'Võ Kim Tú', '$2y$12$Ezz6Nx/ZHQ8C8lgDYuAYcOCRAi5uy3bsJYix7cjK1Rjmfo/Mdcc6W', 'XokLp@gmail.com', NULL, 0, 0, NULL, NULL),
(3, 'Phan Thị Tâm', '$2y$12$PjkaIaACBaYwoHz50SIjEOvqXaYx.mHNtLXqhDEpJdV3PGWv2WXri', 'FxLCH@gmail.com', NULL, 0, 0, NULL, NULL),
(4, 'Nguyễn Minh Thảo', '$2y$12$/AvP0GR6As8vad9VQbJeYODGecwEKQEf8fpCEd.tOcPO3eYO8K3PS', 'fgNTH@gmail.com', NULL, 0, 0, NULL, NULL),
(5, 'Võ Hoàng Thanh', '$2y$12$f4aIShCneCMSbH1tmmhNwOQXpKkbSp9ULpDAvncm1J8iSZzbf516m', 'XkZYp@gmail.com', NULL, 0, 0, NULL, NULL),
(6, 'Nguyễn Minh Hào', '$2y$12$60FZz2hp/15ZcWzlx/31Zu/u38SoZvYWA8lmLgxM9RclB6BPSCJ2.', 'CKpVO@gmail.com', NULL, 0, 0, NULL, NULL),
(7, 'Bùi  Phương', '$2y$12$mAgYTsUYUE.g4jr3yi3mQewovrAIZcO7NPUGTc81RoL8dLvXQxGvm', 'LeZem@gmail.com', NULL, 0, 0, NULL, NULL),
(8, 'Hồ Minh Hậu', '$2y$12$nm0QayBgrgh6P/IGrR0K5ep4khW8/h6Zxh5DowIW1r0Cgu4NJQmUC', 'xvQRR@gmail.com', NULL, 0, 0, NULL, NULL),
(9, 'Phan Ngọc Phương', '$2y$12$PICM7nqbp1t5kNebfziQHOlzwuzHrJ0zfqfY7yN1tj//IOaGxHNY.', 'hYacy@gmail.com', NULL, 0, 0, NULL, NULL),
(10, 'Lê Văn Hòa', '$2y$12$aROOQ7X1kp0snm7aLVl7h.HH6m8tDqRoIaXJZuFcwhCNX/XymIVkm', 'eUaA1@gmail.com', NULL, 0, 0, NULL, NULL),
(11, 'Võ Hoàng Hòa', '$2y$12$xdGKfrgWdItzg4YxNaoasO/tvtU0O49MjNm7YniLtka7XL1GcXzGi', '4GaQU@gmail.com', NULL, 0, 0, NULL, NULL),
(12, 'Hồ Minh Phương', '$2y$12$JouH0UHLM4lztBuzUPwABu3kVuoGShBZI8wFZ9cncKSNLsgDaOb5.', 'GgNvO@gmail.com', NULL, 0, 0, NULL, NULL),
(13, 'Võ Thị Tú', '$2y$12$VzSTtZXvR1SxRe/kkcUaf.ZH0nwtN9HlpiOmq2WjhAdp9lSbWOwgC', 'UQRTg@gmail.com', NULL, 0, 0, NULL, NULL),
(14, 'Nguyễn Thị Tâm', '$2y$12$oIpO/qY8gLzR9gVkKeARuOmRGX8XY0.4QgDWU9L1htnA1idB/fp1i', 'fvhGM@gmail.com', NULL, 0, 0, NULL, NULL),
(15, 'Lê Ngọc Hào', '$2y$12$FtOybKRuBKnh22YRFpXb/OAQv1IP1MkGlRnaqLWjAjLo/9YHKAh62', 'FhPBn@gmail.com', NULL, 0, 0, NULL, NULL),
(16, 'Phan Kim Thảo', '$2y$12$Y0IGiLjjdkNiZ.Ep7U3/6eCuxdUjTaN4c9SiL2OeQmzfxLCWj8SVO', 'jD4ly@gmail.com', NULL, 0, 0, NULL, NULL),
(17, 'Hồ Hoàng Thanh', '$2y$12$dlsNUPzGVlAGk/GDzZhayeNuqVlInQzHK7PnulBXhSIHdsFYRFQ3.', 'aPGLT@gmail.com', NULL, 0, 0, NULL, NULL),
(18, 'Võ  Thảo', '$2y$12$j0ixvO.yY1sVK76bHHymHuAQojhq1F/7iy75sqUQ8dwhsrhSGVJo6', 'JkyzG@gmail.com', NULL, 0, 0, NULL, NULL),
(19, 'Phan Ngọc Thanh', '$2y$12$VYIR1a35JmiQyMcoL6wGpujHtendn/3iEZ8TOUD1dhU5pbxjBJ/Hy', 'Hf0QT@gmail.com', NULL, 0, 0, NULL, NULL),
(20, 'Phan Minh Thanh', '$2y$12$R5gP7lPEon.9h5TdOTlKpuO75aPCYewtT2Bh49YhCdUjJiPhBYpZm', 'eSInM@gmail.com', NULL, 0, 0, NULL, NULL),
(21, 'Võ Hoàng Tâm', '$2y$12$tD/GSicpKOZF3XrdmqIWmO4GqdsmW3v3SRxH5fkMbOCG1nSPY5ls6', 'QRi6k@gmail.com', NULL, 0, 0, NULL, NULL),
(22, 'Đỗ Đức Hải', '$2y$12$hx0mhpLB37ayL1.N5Tnamen59N/STo9T5WaxAbrgLaea6gLrIL6X2', 'VYyin@gmail.com', NULL, 0, 0, NULL, NULL),
(23, 'Đỗ Thị Tú', '$2y$12$N0O8dXhuWQhp6sLlcvbXrurkkoFwgaPIIn.UJSrCH.XuK7T9S4ujq', 'vtuh5@gmail.com', NULL, 0, 0, NULL, NULL),
(24, 'Phan Thị Tú', '$2y$12$9W8Ugzpa6XvIlnBXlP5/eu6uw2iEEYRpu5HQ/Bp.Aj22eAjOs.Afm', 'uL0Nx@gmail.com', NULL, 0, 0, NULL, NULL),
(25, 'Lê Thị Phương', '$2y$12$SI71MXQD5DAwxOKIMOFIjewyXd4wyWmCktgIJpCbDczAaPoX6OhNa', 'V4AfG@gmail.com', NULL, 0, 0, NULL, NULL),
(26, 'Nguyễn Đức Tâm', '$2y$12$3nBObo7NAxntNzlPoGKQ8./4lJFpgc83/9TkR4iv5ztMP3dlR0Usm', 'AY9fS@gmail.com', NULL, 0, 0, NULL, NULL),
(27, 'Phan Văn Hậu', '$2y$12$Zo6fqF4MPMS1Z0onyfNvZu7Ka7JHXAEYL3GDlOnfKLQq.ItzMqqmG', 'McrDs@gmail.com', NULL, 0, 0, NULL, NULL),
(28, 'Võ Hoàng Hậu', '$2y$12$dXpzhXxa1V7UuMZAqCHn1OVnOswZCkZJwmZfxeY4m7GJ4H1kWh6G.', 'DscY9@gmail.com', NULL, 0, 0, NULL, NULL),
(29, 'Lê Đức Tú', '$2y$12$7zzllgKTxFYfo7feVeWapuZVL3mORun2TZ44CjpJfB.PDSklRnip.', 't16jw@gmail.com', NULL, 0, 0, NULL, NULL),
(30, 'Bùi Đức Tâm', '$2y$12$kGuPHwqZQMA5yWa1yPdJY.bPbM57ILN8cQcom5hb1z4WUtua/8sFy', 'MAXUr@gmail.com', NULL, 0, 0, NULL, NULL),
(31, 'Phan Ngọc Hải', '$2y$12$4nQ4KtbemYQ728lUf7QJKO/c/3oHSju5wFulZp1ktr8dQJadasaaS', 'd1U5e@gmail.com', NULL, 0, 0, NULL, NULL),
(32, 'Bùi  Thanh', '$2y$12$YN4Xjb7Td.OgKBzkvJYfM.iNkmwGozpyGOxgzECrerbwHdhWQptli', 'BRfYr@gmail.com', NULL, 0, 0, NULL, NULL),
(33, 'Nguyễn Văn Hòa', '$2y$12$.7BlbcEP1PlrK6AtWv.squ0CwAHCiIvQ9RzO2h.lKnLiGqH.3pFSa', 'bhL5C@gmail.com', NULL, 0, 0, NULL, NULL),
(34, 'Bùi Kim Hào', '$2y$12$VrMJaA4PCcMu/OgdCGaJSOp4sDBDHURXuqvrQLs.fVWjQc9Bs3ooS', 'sEYrx@gmail.com', NULL, 0, 0, NULL, NULL),
(35, 'Võ Văn Thảo', '$2y$12$1gk1bl4Udzl23CM9hQgO1O.sKTDZe6PjV214knKkzDiatJJJTNy5i', 'hsBqm@gmail.com', NULL, 0, 0, NULL, NULL),
(36, 'Lê Văn Tâm', '$2y$12$jSHs0JBMk7mfpVZnSO.q0en7WPXHlwQvvUE4YpppVFELsOZ.1Onu.', 'U9YAv@gmail.com', NULL, 0, 0, NULL, NULL),
(37, 'Đỗ Kim Hậu', '$2y$12$6xwIfrYDfvkLgn.nu.DBYu./3w/F1mylMrIwer3y.9TUZv0IWgHOG', 'TrvT4@gmail.com', NULL, 0, 0, NULL, NULL),
(38, 'Phan Thị Thảo', '$2y$12$fT3u22v1i3ChoJrMZOoiveDn0Si4q7Q4vHnVijWtC1xzdDXAx7vxK', 'letGA@gmail.com', NULL, 0, 0, NULL, NULL),
(39, 'Võ Thị Thảo', '$2y$12$0wynLUrTUdF4ywKKRwtLku1hr9orc5VCscmd7ziy87WBLFADhgcHq', 'iGLeq@gmail.com', NULL, 0, 0, NULL, NULL),
(40, 'Lê  Hậu', '$2y$12$Msh6dxNPaNFI.tT97Pm1TeUUDvTLhSE8V.Dgm02wmnKmemPgIhjn2', 'NloWi@gmail.com', NULL, 0, 0, NULL, NULL),
(41, 'Võ Văn Tâm', '$2y$12$rBEo.NYuFSHJuv2zfFixE.ST1HzZTVLsipoZvK.NSL5jKMtBrjJgq', 'KOMgN@gmail.com', NULL, 0, 0, NULL, NULL),
(42, 'Võ Kim Phương', '$2y$12$kJyZAlU8omgZvYB9YIfwAOm.5IaF8jya5MWsrbqEIh8O0t2BvYx9K', 'NxOBW@gmail.com', NULL, 0, 0, NULL, NULL),
(43, 'Nguyễn Đức Thanh', '$2y$12$P8x68Vzw4fNaFCz/7g8BF.KS0YjPEvCmH88U4aatUqxSmJQ3w2heq', '58KPX@gmail.com', NULL, 0, 0, NULL, NULL),
(44, 'Võ  Tú', '$2y$12$RJlNzZasqCvd1nKTmgUQJOkxHcaFLTwmojvwbbCP..bngiXxKeOYa', 'AjC6e@gmail.com', NULL, 0, 0, NULL, NULL),
(45, 'Nguyễn Ngọc Hào', '$2y$12$0pRYpsaJdgKymj9fw2JxvuAIs9sURGq/0Y2PaLOh7SasTDdNiv0yC', 'mKcyp@gmail.com', NULL, 0, 0, NULL, NULL),
(46, 'Nguyễn Hoàng Hòa', '$2y$12$v2FdHOWImy9ROWBM58rKoe8yigVjkHCxM4nZyTmtDX.REL/Srv6Ly', 'rNZP1@gmail.com', NULL, 0, 0, NULL, NULL),
(47, 'Phan Văn Thảo', '$2y$12$nFIQmEkCPOBSk5gPvdyy.OtfOswmd5RmOt8EF8YPzORCfm9YIGBAi', 'dpQ7x@gmail.com', NULL, 0, 0, NULL, NULL),
(48, 'Đỗ Kim Hào', '$2y$12$XeCpMWpf3aldqQJMfm9/NeDUNH5cLR98ppHj4JIHAXqRz9rtYrmKq', 'z6KhT@gmail.com', NULL, 0, 0, NULL, NULL),
(49, 'Hồ Đức Hải', '$2y$12$x/wOvoxPD5/MRKyKjxImhuQKBDvHfDvYGk69PqquPn8H/3DrD/EZ6', 'ztgdq@gmail.com', NULL, 0, 0, NULL, NULL),
(50, 'Phan Minh Tú', '$2y$12$hdRFD/pr1dBMriQsjW9./OEIAryKpF/3CssfNheuoZFxjn.eFq.U6', 'T2xx1@gmail.com', NULL, 0, 0, NULL, NULL),
(51, 'Bùi Hoàng Tâm', '$2y$12$UBv6k7yDbxzkWPRDd2C5COGujFx4/BQy6ugqE9AP4LMT2XjyNZ7nC', 'B42Jj@gmail.com', NULL, 0, 0, NULL, NULL),
(52, 'Lê Thị Tâm', '$2y$12$szuHMBFmuTSOEalrGUkX6.fcePW7ct9bYzauR5Ji.kX96wMGa5xEG', 'vzvYX@gmail.com', NULL, 0, 0, NULL, NULL),
(53, 'Lê Kim Hậu', '$2y$12$hrxNJlYc6JLYp.jGv5bLd.uBiEWHYXbOScvPfYpa7zPZmrsBuf.Ai', 'Kjwuy@gmail.com', NULL, 0, 0, NULL, NULL),
(54, 'Lê Ngọc Hậu', '$2y$12$f2aFLCDYxILrc30YF8dXOuzNy.VQmwkkmL7ckW851sEdjjGV5OV7G', 'r4VnO@gmail.com', NULL, 0, 0, NULL, NULL),
(55, 'Phan Ngọc Tú', '$2y$12$gIw6OqAjDNhpKTuN1EFjpubOUCW2hYjMKZuyrELHSIJRrpRknz3Zy', '6cgd9@gmail.com', NULL, 0, 0, NULL, NULL),
(56, 'Nguyễn Văn Thanh', '$2y$12$5DbAASEmyPdZ4qn/9X4W0eGLNVfr7eJG9vF2pxediJYUi4Rr86aSS', 'BRtoS@gmail.com', NULL, 0, 0, NULL, NULL),
(57, 'Nguyễn Hoàng Hậu', '$2y$12$diWST1t/X5v8EKi46rtpnOUkBvO8UvPD3Yh4b7NEETs2fkyRXRQnu', 'VnWoa@gmail.com', NULL, 0, 0, NULL, NULL),
(58, 'Hồ Minh Hào', '$2y$12$Sh9eShM21AqE7HV.8jbp.uFm/4KB3W6bUbKeKBM5QrAAgYu8HydT2', 'On7xT@gmail.com', NULL, 0, 0, NULL, NULL),
(59, 'Hồ  Hậu', '$2y$12$5IOJN5XGqxXfy/wprPEcbeLM2GI4uU.Vic3fI4cuRXMd2RMFxwjaa', 'mpiH5@gmail.com', NULL, 0, 0, NULL, NULL),
(60, 'Đỗ Đức Tú', '$2y$12$ySywRB/2/Wig2f7BZgmheOZQjF6UOrlqj6BBDFs2ZFSKB8eTjL/2i', '3ifDw@gmail.com', NULL, 0, 0, NULL, NULL),
(61, 'Lê Minh Hậu', '$2y$12$X0vV8PsVGkO97c6wmPweZ.MVLgiwwWXlgzLyWNbtjXntXMvRW4FrO', 'Ee6WG@gmail.com', NULL, 0, 0, NULL, NULL),
(62, 'Hồ Hoàng Hòa', '$2y$12$/wfM2I6a7VuK7d2OwdY7VueU2x8ALJ5NkbuN4TGxGqWqcfYU0CpGe', 'ObqwQ@gmail.com', NULL, 0, 0, NULL, NULL),
(63, 'Nguyễn Ngọc Hòa', '$2y$12$foKbauc78rz5d2c9YqAZDelp7qLD.DeuxE.hpJELbWsCWxE08UgDW', 'cuW7v@gmail.com', NULL, 0, 0, NULL, NULL),
(64, 'Đỗ Kim Hậu', '$2y$12$RwwkQxIE31XvOYRSsZ7E7eQ1s2wbOv3Q1swL3plGh9p7TVuK8p9j2', 'Uk5MM@gmail.com', NULL, 0, 0, NULL, NULL),
(65, 'Bùi Văn Tú', '$2y$12$sKmEHIduU4i4OExrs.b4Zewsr4Vk9KTYwRkzufhDxhwMFwHPahsSG', 'gzSqx@gmail.com', NULL, 0, 0, NULL, NULL),
(66, 'Nguyễn Thị Hậu', '$2y$12$vH74muNtEInls4yfRWW96OcUPgnOaL3CFRpTKcJsDtJO1zaciaiIK', 'nYCjX@gmail.com', NULL, 0, 0, NULL, NULL),
(67, 'Lê  Hải', '$2y$12$Xt1xkHFSbW4qVQCBnlveT.IJN2FeVPUtxa93DP79VM1NnsrEhgNgO', '89zs5@gmail.com', NULL, 0, 0, NULL, NULL),
(68, 'Võ Kim Hải', '$2y$12$jI75f3B9KqpWnzFGcIrTpOyCSLIG51g.t5OLvSf9OPc4Ix2YtwF1.', 'XosB3@gmail.com', NULL, 0, 0, NULL, NULL),
(69, 'Nguyễn Đức Thảo', '$2y$12$Sw1SNWsd0KQm36Zc.I1YyeFugbqHldySt4F0RuEyb3WSPdQ.w3p6i', 'Zop7Q@gmail.com', NULL, 0, 0, NULL, NULL),
(70, 'Hồ Kim Hào', '$2y$12$qW5XfER6bV0o.qS7EraAR.KSD9ngqBwCy9t7dyIaw7nDK8hgvJiJy', 'm6kx4@gmail.com', NULL, 0, 0, NULL, NULL),
(71, 'Đỗ Kim Hào', '$2y$12$bcI971nXS3E97Iq1iCjvoum2Z0Nl3cNPIm49JwFCxrrbnQFkyWMHq', 'h3ti9@gmail.com', NULL, 0, 0, NULL, NULL),
(72, 'Lê Ngọc Tú', '$2y$12$7DcQgBgcdVIXvXqlG9SQ5uHALpdD7AQbDo2USXYU6wWSgII8vbq.i', 'QcDfZ@gmail.com', NULL, 0, 0, NULL, NULL),
(73, 'Đỗ Kim Hải', '$2y$12$juKpG4MwHTG1/o9rq1rzk.C4iAlbhXrFyXpKHiwAt8Xh.wc68ZcQG', 'jBuaS@gmail.com', NULL, 0, 0, NULL, NULL),
(74, 'Đỗ Thị Tâm', '$2y$12$eVuAZf1AruAWOkZjvBS6LOL4ctF5U20epQFvxy/eaYUy42L.0mVYa', 'QKytY@gmail.com', NULL, 0, 0, NULL, NULL),
(75, 'Nguyễn Thị Tú', '$2y$12$XfyvVFg0w/Rsd0xIGMuKU.wj2jxZDOqz1c5kcmR09w0bUHWALk8Zm', 's4IXz@gmail.com', NULL, 0, 0, NULL, NULL),
(76, 'Võ Đức Thanh', '$2y$12$iKJvO0jqUbTfgXA8IP0kRu5MjBha3G8Ln/yJKeYR6OHWhLad5Fn3C', 'x3pik@gmail.com', NULL, 0, 0, NULL, NULL),
(77, 'Nguyễn  Hải', '$2y$12$WipOC6yAXau8oQjviUTk8.qhOYf1.ghL6X3Qv0F.us6Dk46FLt8W.', 'IUX9S@gmail.com', NULL, 0, 0, NULL, NULL),
(78, 'Lê Hoàng Hào', '$2y$12$saTXJBDVCk394y06Oaz6EusWhgTglnkZhGR9vrr24Aigc9R1qDvZO', 'gsXAw@gmail.com', NULL, 0, 0, NULL, NULL),
(79, 'Bùi Kim Hòa', '$2y$12$SmkN86OWNccwKA1Guh5yX.gw3HhEFXN9Yg4uDz6i4/dVO4aOJTgXe', 'pGoDx@gmail.com', NULL, 0, 0, NULL, NULL),
(80, 'Lê  Phương', '$2y$12$EjelhbJ9L7kS0PtwgXjZZOl0SQO2xq/2S5QeP7VWnRNyqvGOe1LDu', 'HWOiv@gmail.com', NULL, 0, 0, NULL, NULL),
(81, 'Nguyễn Minh Hậu', '$2y$12$6m2d37WqxSUlP5XEilhR2.eQvUFCcIK2M2L7JxCqmaHr1MnqkUMXK', 'ZMBVb@gmail.com', NULL, 0, 0, NULL, NULL),
(82, 'Bùi Hoàng Hậu', '$2y$12$8dO6I39yAnoBR8LYeAUxEeiaXjQhUG2llqA.MgaE/UjF8XohEFiWW', 'wDrlH@gmail.com', NULL, 0, 0, NULL, NULL),
(83, 'Bùi Minh Tâm', '$2y$12$s1rNCWjA1GHIKDs1EsIQfO5yXhDORhKjdb04mlCVdPhozWSrJRM2e', 'xO6gI@gmail.com', NULL, 0, 0, NULL, NULL),
(84, 'Nguyễn Minh Thanh', '$2y$12$/XlyYWEHm0bRPfGIMNTyqu5LtsjOzlrwWgUs2Wm4ytsZ9FxlmGyaS', 'lYPpo@gmail.com', NULL, 0, 0, NULL, NULL),
(85, 'Hồ Minh Tâm', '$2y$12$Fj2TqcW6x4.j9HuzQo6tJuXBB70nRPjgMIGzf37qLPMkXhcmZwbJC', 'yk9Vd@gmail.com', NULL, 0, 0, NULL, NULL),
(86, 'Hồ Hoàng Thảo', '$2y$12$jUq2TKziyIdVOEHjMxzzaexHGeYMb.Iuk2uKu/kIJkwWn82KFn42a', 'jMlIz@gmail.com', NULL, 0, 0, NULL, NULL),
(87, 'Phan Hoàng Thanh', '$2y$12$XydzDac9Ev0cdhCd5DgCouSQ3mxZ27xb0ZdANybux8H2iTdIMd9ji', '4ToBp@gmail.com', NULL, 0, 0, NULL, NULL),
(88, 'Bùi Ngọc Phương', '$2y$12$oQYzpsg1K5KcjXoC3gUX3OC4SaoOlAK3usFzrdld6LXnpU5JdzSeq', 'ekMyQ@gmail.com', NULL, 0, 0, NULL, NULL),
(89, 'Hồ Thị Phương', '$2y$12$Nf1kddnY.HispdCE9H6o9.91WBUqgO4FefxgN.kpWieyEe/KpHsBS', 'HddAT@gmail.com', NULL, 0, 0, NULL, NULL),
(90, 'Lê Kim Hào', '$2y$12$GRRnlgmHHHF.WGHPPkKW.O.zWus0TUzchoFB42UQuu5pi8LWEBQh6', '0Nikv@gmail.com', NULL, 0, 0, NULL, NULL),
(91, 'Lê Kim Thảo', '$2y$12$WFk3n/LxmNOA9tV4R1fjruxYLDe5wi77.GUxfp9fVx1IbaxSsKxFS', '5gsdP@gmail.com', NULL, 0, 0, NULL, NULL),
(92, 'Võ Hoàng Hòa', '$2y$12$oGWSNpgwi6TflR/.IKlh9ecohFIYTRwmAUMYU562zS.fW0SSCY4Ke', '7Niwe@gmail.com', NULL, 0, 0, NULL, NULL),
(93, 'Đỗ Kim Thanh', '$2y$12$vyx1sC3R07PoZWNhzpaT2.Dxi8YiRfUlchcvqSaSSStxbkYKp02pK', 'l0L4S@gmail.com', NULL, 0, 0, NULL, NULL),
(94, 'Võ Văn Hào', '$2y$12$7Zq0bxe7.rE/xERnM41ALO6l18GsPBtzr.tvX.lzQRJIELBPydjXW', 'edi0w@gmail.com', NULL, 0, 0, NULL, NULL),
(95, 'Hồ Đức Hào', '$2y$12$kAYr.eRdrBGT.rNCO2Suju..9xJ1CI8zqwHpPvP.3/LMBogJ1gebW', 'KjQPr@gmail.com', NULL, 0, 0, NULL, NULL),
(96, 'Hồ Kim Thanh', '$2y$12$VcX/sGgEL0IasEd73Lyafux8RgZ5Jwffmu54dW4pwUIp8j1O04XQa', 'CF8Nd@gmail.com', NULL, 0, 0, NULL, NULL),
(97, 'Nguyễn  Tú', '$2y$12$9fHTqW348O5C9KWMjviK/.8gTqx1.yfJZfqhVa8YtwVWfyK59EBJq', 'FNECW@gmail.com', NULL, 0, 0, NULL, NULL),
(98, 'Bùi Đức Hải', '$2y$12$uGGy8l3dxUjfQB0JL4sya.J6a/EV7dkUAlUib5/fOqnC1s2z1HCqS', 'cKdb2@gmail.com', NULL, 0, 0, NULL, NULL),
(99, 'Bùi Đức Hải', '$2y$12$ZwjPTAadGPztV48.ZXOqj.pH/Q0KlQufJAGoK50/JvmTDnTSn9n0e', 'havLe@gmail.com', NULL, 0, 0, NULL, NULL),
(100, 'Võ Thị Thanh', '$2y$12$S2Dmmonqba9jiN2g5zPwDe2pUsOKDX7KtSees/rh6mLyEMpxUEZjy', '3YFqX@gmail.com', NULL, 0, 0, NULL, NULL);

-- --------------------------------------------------------

--
-- Cấu trúc bảng cho bảng `users`
--

CREATE TABLE `users` (
  `id` bigint(20) UNSIGNED NOT NULL,
  `name` varchar(255) NOT NULL,
  `email` varchar(255) NOT NULL,
  `email_verified_at` timestamp NULL DEFAULT NULL,
  `password` varchar(255) NOT NULL,
  `remember_token` varchar(100) DEFAULT NULL,
  `created_at` timestamp NULL DEFAULT NULL,
  `updated_at` timestamp NULL DEFAULT NULL
) ENGINE=InnoDB DEFAULT CHARSET=utf8mb4 COLLATE=utf8mb4_unicode_ci;

--
-- Chỉ mục cho các bảng đã đổ
--

--
-- Chỉ mục cho bảng `cache`
--
ALTER TABLE `cache`
  ADD PRIMARY KEY (`key`);

--
-- Chỉ mục cho bảng `cache_locks`
--
ALTER TABLE `cache_locks`
  ADD PRIMARY KEY (`key`);

--
-- Chỉ mục cho bảng `dienthoai`
--
ALTER TABLE `dienthoai`
  ADD PRIMARY KEY (`id`),
  ADD UNIQUE KEY `dienthoai_tendt_unique` (`tenDT`),
  ADD KEY `dienthoai_idloai_foreign` (`idLoai`);

--
-- Chỉ mục cho bảng `failed_jobs`
--
ALTER TABLE `failed_jobs`
  ADD PRIMARY KEY (`id`),
  ADD UNIQUE KEY `failed_jobs_uuid_unique` (`uuid`);

--
-- Chỉ mục cho bảng `jobs`
--
ALTER TABLE `jobs`
  ADD PRIMARY KEY (`id`),
  ADD KEY `jobs_queue_index` (`queue`);

--
-- Chỉ mục cho bảng `job_batches`
--
ALTER TABLE `job_batches`
  ADD PRIMARY KEY (`id`);

--
-- Chỉ mục cho bảng `loaisp`
--
ALTER TABLE `loaisp`
  ADD PRIMARY KEY (`id`),
  ADD UNIQUE KEY `loaisp_ten_loai_unique` (`ten_loai`);

--
-- Chỉ mục cho bảng `migrations`
--
ALTER TABLE `migrations`
  ADD PRIMARY KEY (`id`);

--
-- Chỉ mục cho bảng `password_reset_tokens`
--
ALTER TABLE `password_reset_tokens`
  ADD PRIMARY KEY (`email`);

--
-- Chỉ mục cho bảng `sessions`
--
ALTER TABLE `sessions`
  ADD PRIMARY KEY (`id`),
  ADD KEY `sessions_user_id_index` (`user_id`),
  ADD KEY `sessions_last_activity_index` (`last_activity`);

--
-- Chỉ mục cho bảng `thanhvien`
--
ALTER TABLE `thanhvien`
  ADD PRIMARY KEY (`id`),
  ADD UNIQUE KEY `thanhvien_email_unique` (`email`);

--
-- Chỉ mục cho bảng `users`
--
ALTER TABLE `users`
  ADD PRIMARY KEY (`id`),
  ADD UNIQUE KEY `users_email_unique` (`email`);

--
-- AUTO_INCREMENT cho các bảng đã đổ
--

--
-- AUTO_INCREMENT cho bảng `dienthoai`
--
ALTER TABLE `dienthoai`
  MODIFY `id` bigint(20) UNSIGNED NOT NULL AUTO_INCREMENT, AUTO_INCREMENT=901;

--
-- AUTO_INCREMENT cho bảng `failed_jobs`
--
ALTER TABLE `failed_jobs`
  MODIFY `id` bigint(20) UNSIGNED NOT NULL AUTO_INCREMENT;

--
-- AUTO_INCREMENT cho bảng `jobs`
--
ALTER TABLE `jobs`
  MODIFY `id` bigint(20) UNSIGNED NOT NULL AUTO_INCREMENT;

--
-- AUTO_INCREMENT cho bảng `loaisp`
--
ALTER TABLE `loaisp`
  MODIFY `id` bigint(20) UNSIGNED NOT NULL AUTO_INCREMENT, AUTO_INCREMENT=7;

--
-- AUTO_INCREMENT cho bảng `migrations`
--
ALTER TABLE `migrations`
  MODIFY `id` int(10) UNSIGNED NOT NULL AUTO_INCREMENT, AUTO_INCREMENT=8;

--
-- AUTO_INCREMENT cho bảng `thanhvien`
--
ALTER TABLE `thanhvien`
  MODIFY `id` bigint(20) UNSIGNED NOT NULL AUTO_INCREMENT, AUTO_INCREMENT=101;

--
-- AUTO_INCREMENT cho bảng `users`
--
ALTER TABLE `users`
  MODIFY `id` bigint(20) UNSIGNED NOT NULL AUTO_INCREMENT;

--
-- Các ràng buộc cho các bảng đã đổ
--

--
-- Các ràng buộc cho bảng `dienthoai`
--
ALTER TABLE `dienthoai`
  ADD CONSTRAINT `dienthoai_idloai_foreign` FOREIGN KEY (`idLoai`) REFERENCES `loaisp` (`id`);
COMMIT;

/*!40101 SET CHARACTER_SET_CLIENT=@OLD_CHARACTER_SET_CLIENT */;
/*!40101 SET CHARACTER_SET_RESULTS=@OLD_CHARACTER_SET_RESULTS */;
/*!40101 SET COLLATION_CONNECTION=@OLD_COLLATION_CONNECTION */;
